고객ID,last_ord_date,Recency,Frequency,Monetary,Recency_Grade,Frequency_Grade,Monetary_Grade,is_back_up_down,co_purchase_up_down,cohort_is_back_score,cohort_co_purchase_score
USER_0000,2019-09-15,107,2,185.6882,3,1,1,0,1,중,중
USER_0001,2019-11-02,59,55,6295.6076,3,3,3,4,3,중,중
USER_0002,2019-10-19,73,23,1842.8708000000001,3,2,2,2,3,중,중
USER_0003,2019-12-14,17,17,1636.2142000000001,4,2,2,0,0,중,중
USER_0004,2019-09-15,107,36,2231.7198,3,3,2,0,1,중,중
USER_0005,2019-08-23,130,16,792.4881,3,2,1,1,2,중,중
USER_0006,2019-06-25,189,90,7473.660000000001,2,3,3,3,4,중,중
USER_0007,2019-12-07,24,14,629.9292,4,2,1,0,0,중,중
USER_0008,2019-11-21,40,76,10143.421400000001,4,3,3,2,3,상,상
USER_0009,2019-09-23,99,68,5439.1017,3,3,3,2,3,중,중
USER_0010,2019-07-28,156,10,752.9134,2,1,1,4,3,중,중
USER_0011,2019-09-08,114,19,911.8343,3,2,1,0,1,중,중
USER_0012,2019-08-31,122,22,2635.3103,3,2,2,1,2,중,중
USER_0013,2019-07-20,164,32,1812.4124000000002,2,2,2,5,7,중,중
USER_0014,2019-09-28,94,11,828.3124,3,1,1,0,1,중,중
USER_0015,2019-12-21,10,26,2799.8687,4,2,3,0,0,중,중
USER_0016,2019-08-22,131,24,2080.2652,3,2,2,2,3,중,중
USER_0017,2019-12-14,17,7,706.6268,4,1,1,0,0,중,중
USER_0018,2019-08-13,140,47,3438.4165000000003,2,3,3,2,3,중,중
USER_0019,2019-10-18,74,30,2146.9718,3,2,2,2,3,중,중
USER_0020,2019-10-16,76,11,2260.5746,3,1,2,0,0,중,중
USER_0021,2019-09-20,102,13,1220.9548,3,2,2,0,1,중,중
USER_0022,2019-07-12,172,16,952.4535000000001,2,2,1,2,3,중,중
USER_0023,2019-07-14,170,12,940.5706,2,1,1,5,7,중,중
USER_0024,2019-04-13,262,19,2320.8897,1,2,2,2,3,하,하
USER_0025,2019-11-21,40,43,5795.954,4,3,3,6,6,상,상
USER_0026,2019-04-10,265,144,16011.4578,1,4,4,6,6,중,중
USER_0027,2019-05-23,222,3,54.016,1,1,1,3,4,하,하
USER_0028,2019-12-14,17,17,1715.6025,4,2,2,1,2,중,중
USER_0029,2019-03-29,277,11,1995.0324,1,1,2,4,3,하,하
USER_0030,2019-09-19,103,100,11283.4853,3,3,4,0,1,중,중
USER_0031,2019-12-18,13,6,1408.5053,4,1,2,0,0,중,중
USER_0032,2019-11-10,51,12,1600.0588000000002,4,1,2,0,0,중,중
USER_0033,2019-12-16,15,128,16376.278100000001,4,4,4,6,6,상,상
USER_0034,2019-10-30,62,126,14311.048,3,4,4,6,6,중,중
USER_0035,2019-11-01,60,34,6077.0636,3,3,3,4,3,중,중
USER_0036,2019-11-28,33,27,3762.6082,4,2,3,3,4,중,중
USER_0037,2019-12-05,26,2,286.0235,4,1,1,0,0,중,중
USER_0038,2019-08-06,147,42,1700.7836,2,3,2,1,2,중,중
USER_0039,2019-08-02,151,43,5054.3984,2,3,3,2,3,중,중
USER_0040,2019-07-18,166,14,1176.6868,2,2,2,2,3,중,중
USER_0041,2019-08-04,149,98,7032.7913,2,3,3,1,2,중,중
USER_0042,2019-08-03,150,15,975.1138,2,2,1,1,2,중,중
USER_0043,2019-08-30,123,43,3405.6874000000003,3,3,3,1,2,중,중
USER_0044,2019-07-20,164,7,501.3111,2,1,1,2,3,중,중
USER_0045,2019-08-13,140,5,107.5968,2,1,1,1,2,중,중
USER_0046,2019-11-20,41,160,12398.5761,4,4,4,1,2,상,상
USER_0047,2019-12-16,15,30,5140.7441,4,2,3,0,0,중,중
USER_0048,2019-07-27,157,1,17.161500000000004,2,1,1,2,3,중,중
USER_0049,2019-09-18,104,29,1740.2665,3,2,2,0,1,중,중
USER_0050,2019-07-13,171,16,1582.8292000000001,2,2,2,2,3,중,중
USER_0051,2019-08-22,131,7,616.1962,3,1,1,1,2,중,중
USER_0052,2019-08-14,139,16,711.525,2,2,1,1,2,중,중
USER_0053,2019-09-15,107,10,1987.6462,3,1,2,0,1,중,중
USER_0054,2019-11-27,34,31,5153.6114,4,2,3,0,0,중,중
USER_0055,2019-08-02,151,13,1575.5184,2,2,2,1,2,중,중
USER_0056,2019-11-08,53,186,21419.3066,4,4,4,1,2,상,상
USER_0057,2019-12-10,21,64,5073.772,4,3,3,3,4,상,상
USER_0058,2019-06-26,188,10,1948.9468000000002,2,1,2,2,3,중,중
USER_0059,2019-10-23,69,39,1950.8967,3,3,2,1,2,중,중
USER_0060,2019-08-17,136,9,384.0916,2,1,1,5,7,중,중
USER_0061,2019-12-11,20,22,3234.125,4,2,3,0,0,중,중
USER_0062,2019-12-21,10,145,13679.717200000001,4,4,4,5,7,상,상
USER_0063,2019-11-16,45,11,1956.5230000000001,4,1,2,0,0,중,중
USER_0064,2019-06-12,202,67,7290.0408,2,3,3,2,3,중,중
USER_0065,2019-11-05,56,75,6054.3412,3,3,3,2,3,중,중
USER_0066,2019-08-02,151,42,3429.1876,2,3,3,6,6,중,중
USER_0067,2019-07-24,160,74,4897.8098,2,3,3,2,3,중,중
USER_0068,2019-03-04,302,1,28.9082,1,1,1,4,3,하,하
USER_0069,2019-11-02,59,25,3982.4449999999997,3,2,3,0,0,중,중
USER_0070,2019-09-30,92,12,1000.2117,3,1,1,0,1,중,중
USER_0071,2019-12-16,15,15,977.4902,4,2,1,5,7,중,중
USER_0072,2019-08-17,136,9,680.7393999999999,2,1,1,1,2,중,중
USER_0073,2019-04-19,256,3,330.7242,1,1,1,2,3,하,하
USER_0074,2019-10-27,65,16,470.203,3,2,1,0,0,중,중
USER_0075,2019-06-27,187,33,3072.944,2,2,3,2,3,중,중
USER_0076,2019-12-16,15,58,7011.804,4,3,3,0,0,상,상
USER_0077,2019-12-04,27,66,5418.724,4,3,3,0,1,상,상
USER_0078,2019-11-05,56,75,5290.3593,3,3,3,0,1,중,중
USER_0079,2019-08-18,135,2,83.7322,2,1,1,1,2,중,중
USER_0080,2019-11-10,51,16,2773.3209,4,2,2,0,0,중,중
USER_0081,2019-06-26,188,53,4657.1542,2,3,3,5,7,중,중
USER_0082,2019-04-18,257,2,29.8412,1,1,1,2,3,하,하
USER_0083,2019-08-09,144,8,1451.4004000000002,2,1,2,1,2,중,중
USER_0084,2019-10-05,87,51,3417.5950000000003,3,3,3,1,2,중,중
USER_0085,2019-12-19,12,33,2988.6595,4,2,3,6,6,중,중
USER_0086,2019-10-02,90,5,850.8382,3,1,1,0,0,중,중
USER_0087,2019-09-19,103,4,141.654,3,1,1,1,2,중,중
USER_0088,2019-06-09,205,2,56.8164,2,1,1,2,3,중,중
USER_0089,2019-11-30,31,74,8019.3892000000005,4,3,3,2,3,상,상
USER_0090,2019-08-30,123,10,349.15700000000004,3,1,1,1,2,중,중
USER_0091,2019-09-09,113,23,2066.0486,3,2,2,0,1,중,중
USER_0092,2019-12-10,21,12,1559.7025,4,1,2,0,0,중,중
USER_0093,2019-07-12,172,5,253.2297,2,1,1,2,3,중,중
USER_0094,2019-12-03,28,223,19512.9636,4,4,4,4,3,상,상
USER_0095,2019-12-11,20,126,13805.768100000001,4,4,4,5,7,상,상
USER_0096,2019-09-30,92,74,9172.9169,3,3,3,2,3,중,중
USER_0097,2019-01-31,334,7,1136.6844,1,1,2,6,6,하,하
USER_0098,2019-10-27,65,14,725.8244,3,2,1,2,3,중,중
USER_0099,2019-10-14,78,9,1890.1574,3,1,2,0,0,중,중
USER_0100,2019-06-28,186,30,2013.1893,2,2,2,2,3,중,중
USER_0101,2019-08-30,123,33,3336.8994000000002,3,2,3,4,3,중,중
USER_0102,2019-11-08,53,33,3671.9218,4,2,3,4,3,중,중
USER_0103,2019-12-21,10,47,4493.0008,4,3,3,5,7,상,상
USER_0104,2019-11-27,34,65,8042.9116,4,3,3,4,3,상,상
USER_0105,2019-07-06,178,18,2359.4533,2,2,2,2,3,중,중
USER_0106,2019-08-21,132,11,652.028,2,1,1,1,2,중,중
USER_0107,2019-02-09,325,22,2417.5405,1,2,2,5,7,하,하
USER_0108,2019-11-17,44,25,2308.5016,4,2,2,2,3,중,중
USER_0109,2019-10-11,81,12,1063.1822,3,1,2,0,0,중,중
USER_0110,2019-08-19,134,13,716.3736,2,2,1,1,2,중,중
USER_0111,2019-11-27,34,59,11125.1492,4,3,3,2,3,상,상
USER_0112,2019-07-13,171,4,118.18180000000001,2,1,1,2,3,중,중
USER_0113,2019-11-20,41,43,3584.2699000000002,4,3,3,2,3,상,상
USER_0114,2019-08-16,137,4,191.38299999999998,2,1,1,1,2,중,중
USER_0115,2019-01-30,335,11,2031.2278000000001,1,1,2,6,6,하,하
USER_0116,2019-10-24,68,53,7751.8642,3,3,3,0,0,중,중
USER_0117,2019-09-28,94,20,2058.6307,3,2,2,4,3,중,중
USER_0118,2019-09-15,107,686,66060.0029,3,4,4,6,6,중,중
USER_0119,2019-08-01,152,52,2796.1186,2,3,2,3,4,중,중
USER_0120,2019-12-21,10,37,4432.709,4,3,3,0,0,상,상
USER_0121,2019-04-12,263,1,65.47639999999998,1,1,1,2,3,하,하
USER_0122,2019-03-02,304,16,1298.531,1,2,2,4,3,하,하
USER_0123,2019-11-06,55,45,6313.9808,4,3,3,0,0,상,상
USER_0124,2019-08-11,142,88,5233.8938,2,3,3,2,3,중,중
USER_0125,2019-12-18,13,13,1593.4204,4,2,2,0,0,중,중
USER_0126,2019-12-01,30,9,668.8362,4,1,1,0,0,중,중
USER_0127,2019-12-24,7,42,2924.2768,4,3,3,5,7,상,상
USER_0128,2019-10-28,64,56,4900.8553,3,3,3,2,3,중,중
USER_0129,2019-04-30,245,14,943.8999,1,2,1,2,3,하,하
USER_0130,2019-01-03,362,2,168.73239999999998,1,1,1,6,6,하,하
USER_0131,2019-08-09,144,24,2807.4385,2,2,3,5,7,중,중
USER_0132,2019-06-02,212,17,511.2956,2,2,1,2,3,중,중
USER_0133,2019-03-04,302,7,671.9954,1,1,1,4,3,하,하
USER_0134,2019-09-11,111,11,811.0962000000001,3,1,1,0,1,중,중
USER_0135,2019-11-08,53,48,6864.5592,4,3,3,2,3,상,상
USER_0136,2019-10-03,89,12,1204.942,3,1,2,2,3,중,중
USER_0137,2019-12-06,25,39,3652.7616,4,3,3,0,0,상,상
USER_0138,2019-01-05,360,57,4205.3016,1,3,3,6,6,중,중
USER_0139,2019-06-29,185,36,3826.1051,2,3,3,4,3,중,중
USER_0140,2019-11-27,34,109,12881.8233,4,3,4,5,7,상,상
USER_0141,2019-12-23,8,14,3149.0935,4,2,3,0,0,중,중
USER_0142,2019-12-03,28,23,2355.9799000000003,4,2,2,0,0,중,중
USER_0143,2019-10-24,68,35,4122.8032,3,3,3,0,0,중,중
USER_0144,2019-01-17,348,3,998.863,1,1,1,6,6,하,하
USER_0145,2019-06-05,209,1,267.8,2,1,1,2,3,중,중
USER_0146,2019-06-02,212,58,4417.6802,2,3,3,2,3,중,중
USER_0147,2019-11-12,49,43,4150.7761,4,3,3,6,6,상,상
USER_0148,2019-04-06,269,2,69.11699999999999,1,1,1,2,3,하,하
USER_0149,2019-09-07,115,65,4310.1699,3,3,3,2,3,중,중
USER_0150,2019-05-06,239,1,7.32,1,1,1,3,4,하,하
USER_0151,2019-08-31,122,17,1665.0391,3,2,2,2,3,중,중
USER_0152,2019-11-29,32,2,263.8,4,1,1,0,0,중,중
USER_0153,2019-03-18,288,4,106.8184,1,1,1,4,3,하,하
USER_0154,2019-01-22,343,13,1333.8716,1,2,2,6,6,하,하
USER_0155,2019-10-06,86,40,4664.8284,3,3,3,0,0,중,중
USER_0156,2019-07-20,164,59,7080.424800000001,2,3,3,6,6,중,중
USER_0157,2019-09-05,117,2,29.5543,3,1,1,0,1,중,중
USER_0158,2019-06-11,203,17,446.6506,2,2,1,2,3,중,중
USER_0159,2019-12-06,25,8,1033.7866000000001,4,1,2,0,0,중,중
USER_0160,2019-06-29,185,2,34.6772,2,1,1,2,3,중,중
USER_0161,2019-10-16,76,27,9110.8568,3,2,3,0,0,중,중
USER_0162,2019-08-08,145,6,290.4497,2,1,1,1,2,중,중
USER_0163,2019-04-11,264,16,946.3935,1,2,1,2,3,하,하
USER_0164,2019-07-06,178,14,1236.9166,2,2,2,2,3,중,중
USER_0165,2019-10-27,65,35,4826.0766,3,3,3,6,6,중,중
USER_0166,2019-10-12,80,20,1088.4206,3,2,2,1,2,중,중
USER_0167,2019-12-31,0,19,3408.3455,4,2,3,0,0,중,중
USER_0168,2019-08-01,152,31,1402.9702,2,2,2,2,3,중,중
USER_0169,2019-04-11,264,16,1066.6111,1,2,2,2,3,하,하
USER_0170,2019-06-23,191,19,1800.4606,2,2,2,6,6,중,중
USER_0171,2019-10-04,88,8,625.482,3,1,1,0,0,중,중
USER_0172,2019-12-19,12,47,4983.8652,4,3,3,6,6,상,상
USER_0173,2019-08-23,130,6,1397.8511,3,1,2,2,3,중,중
USER_0174,2019-09-05,117,2,191.858,3,1,1,2,3,중,중
USER_0175,2019-12-14,17,3,603.8775,4,1,1,0,0,중,중
USER_0176,2019-11-21,40,18,1035.0706,4,2,2,0,0,중,중
USER_0177,2019-04-24,251,11,1028.6913,1,1,2,2,3,하,하
USER_0178,2019-10-27,65,36,3113.3722000000002,3,3,3,0,1,중,중
USER_0179,2019-10-27,65,7,976.4410000000001,3,1,1,0,0,중,중
USER_0180,2019-11-10,51,72,6767.421,4,3,3,2,3,상,상
USER_0181,2019-09-28,94,15,2406.569,3,2,2,3,4,중,중
USER_0182,2019-01-30,335,3,271.1008,1,1,1,6,6,하,하
USER_0183,2019-02-03,331,67,6337.6072,1,3,3,5,7,중,중
USER_0184,2019-06-13,201,7,624.9932,2,1,1,2,3,중,중
USER_0185,2019-07-07,177,6,363.545,2,1,1,2,3,중,중
USER_0186,2019-07-12,172,1,16.4895,2,1,1,2,3,중,중
USER_0187,2019-03-15,291,60,2938.4124,1,3,3,4,3,중,중
USER_0188,2019-06-27,187,11,741.78,2,1,1,2,3,중,중
USER_0189,2019-02-28,306,11,268.3034,1,1,1,5,7,하,하
USER_0190,2019-12-18,13,44,3676.4429,4,3,3,6,6,상,상
USER_0191,2019-09-06,116,39,3066.6592,3,3,3,0,1,중,중
USER_0192,2019-10-27,65,7,291.0606,3,1,1,0,0,중,중
USER_0193,2019-12-27,4,102,11614.466100000001,4,3,4,4,3,상,상
USER_0194,2019-09-06,116,9,264.6133,3,1,1,0,1,중,중
USER_0195,2019-01-16,349,14,1704.6034,1,2,2,6,6,하,하
USER_0196,2019-10-11,81,1,7.1,3,1,1,0,0,중,중
USER_0197,2019-12-28,3,138,10378.751,4,4,3,5,7,상,상
USER_0198,2019-04-07,268,14,1849.612,1,2,2,2,3,하,하
USER_0199,2019-11-10,51,53,4206.5046,4,3,3,4,3,상,상
USER_0200,2019-08-31,122,259,22532.561,3,4,4,5,7,중,중
USER_0201,2019-07-24,160,7,1174.0682,2,1,2,2,3,중,중
USER_0202,2019-12-11,20,363,30821.625500000002,4,4,4,5,7,상,상
USER_0203,2019-09-30,92,13,1624.4504,3,2,2,6,6,중,중
USER_0204,2019-06-07,207,7,368.99350000000004,2,1,1,2,3,중,중
USER_0205,2019-12-12,19,143,14200.5941,4,4,4,6,6,상,상
USER_0206,2019-07-31,153,5,498.9688,2,1,1,4,3,중,중
USER_0207,2019-07-26,158,52,3830.1482,2,3,3,2,3,중,중
USER_0208,2019-11-03,58,21,2699.6242,3,2,2,0,0,중,중
USER_0209,2019-12-24,7,92,9356.9542,4,3,3,2,3,상,상
USER_0210,2019-07-06,178,1,136.9,2,1,1,2,3,중,중
USER_0211,2019-09-04,118,22,2230.5068,3,2,2,1,2,중,중
USER_0212,2019-01-18,347,10,623.0708,1,1,1,6,6,하,하
USER_0213,2019-12-10,21,20,1188.5594,4,2,2,0,0,중,중
USER_0214,2019-12-24,7,57,6687.3093,4,3,3,2,3,상,상
USER_0215,2019-08-01,152,2,288.6816,2,1,1,2,3,중,중
USER_0216,2019-10-17,75,34,2470.2757,3,3,2,6,6,중,중
USER_0217,2019-06-10,204,60,4367.8724,2,3,3,2,3,중,중
USER_0218,2019-08-17,136,32,2724.6812,2,2,2,4,3,중,중
USER_0219,2019-04-19,256,3,266.8764,1,1,1,2,3,하,하
USER_0220,2019-12-22,9,48,8458.8146,4,3,3,0,0,상,상
USER_0221,2019-01-26,339,13,1025.1858,1,2,2,6,6,하,하
USER_0222,2019-04-07,268,16,804.3674,1,2,1,2,3,하,하
USER_0223,2019-12-10,21,32,3813.8924,4,2,3,0,0,중,중
USER_0224,2019-08-17,136,3,55.7482,2,1,1,1,2,중,중
USER_0225,2019-01-30,335,1,25.97,1,1,1,6,6,하,하
USER_0226,2019-11-25,36,130,20475.0574,4,4,4,2,3,상,상
USER_0227,2019-09-08,114,63,7065.306500000001,3,3,3,4,3,중,중
USER_0228,2019-10-18,74,18,2901.288,3,2,3,0,0,중,중
USER_0229,2019-11-24,37,8,555.7194,4,1,1,0,0,중,중
USER_0230,2019-08-22,131,40,3999.3484000000003,3,3,3,1,2,중,중
USER_0231,2019-07-14,170,13,976.0742,2,2,1,2,3,중,중
USER_0232,2019-10-26,66,74,4655.9022,3,3,3,0,0,중,중
USER_0233,2019-03-23,283,22,3189.3817999999997,1,2,3,4,3,중,중
USER_0234,2019-11-13,48,239,24416.0157,4,4,4,4,3,상,상
USER_0235,2019-05-25,220,32,2226.9113,2,2,2,3,4,중,중
USER_0236,2019-08-07,146,20,2248.8234,2,2,2,1,2,중,중
USER_0237,2019-08-01,152,37,1553.6193,2,3,2,1,2,중,중
USER_0238,2019-10-24,68,77,6662.0191,3,3,3,3,4,중,중
USER_0239,2019-12-13,18,16,2213.9352,4,2,2,4,3,중,중
USER_0240,2019-12-20,11,26,2731.2742000000003,4,2,2,0,0,중,중
USER_0241,2019-09-12,110,21,544.5918,3,2,1,3,4,중,중
USER_0242,2019-05-21,224,2,77.5932,1,1,1,3,4,하,하
USER_0243,2019-06-07,207,35,2924.7159,2,3,3,2,3,중,중
USER_0244,2019-07-26,158,12,631.1052999999999,2,1,1,3,4,중,중
USER_0245,2019-12-20,11,84,10523.9363,4,3,3,2,3,상,상
USER_0246,2019-08-06,147,17,1542.5292,2,2,2,1,2,중,중
USER_0247,2019-05-31,214,5,573.9362,2,1,1,3,4,중,중
USER_0248,2019-04-14,261,21,1713.5258000000001,1,2,2,2,3,하,하
USER_0249,2019-09-13,109,40,2739.2655,3,3,2,1,2,중,중
USER_0250,2019-07-19,165,16,614.6345,2,2,1,2,3,중,중
USER_0251,2019-01-05,360,6,1450.2116,1,1,2,6,6,하,하
USER_0252,2019-09-18,104,39,3060.8761,3,3,3,0,1,중,중
USER_0253,2019-06-12,202,1,67.4706,2,1,1,2,3,중,중
USER_0254,2019-08-23,130,42,5242.7567,3,3,3,4,3,중,중
USER_0255,2019-05-18,227,28,3547.7712,1,2,3,5,7,중,중
USER_0256,2019-04-07,268,1,93.4,1,1,1,2,3,하,하
USER_0257,2019-11-15,46,76,8363.7358,4,3,3,1,2,상,상
USER_0258,2019-09-30,92,14,922.931,3,2,1,1,2,중,중
USER_0259,2019-06-05,209,11,905.5808,2,1,1,6,6,중,중
USER_0260,2019-07-15,169,21,858.9036000000001,2,2,1,2,3,중,중
USER_0261,2019-01-20,345,5,549.3077,1,1,1,6,6,하,하
USER_0262,2019-12-23,8,34,4952.497600000001,4,3,3,0,0,상,상
USER_0263,2019-10-23,69,29,2555.0982,3,2,2,0,1,중,중
USER_0264,2019-07-16,168,17,563.667,2,2,1,2,3,중,중
USER_0265,2019-06-13,201,14,1430.6182000000001,2,2,2,2,3,중,중
USER_0266,2019-07-17,167,98,7707.4392,2,3,3,4,3,중,중
USER_0267,2019-11-27,34,9,1948.4464,4,1,2,3,4,중,중
USER_0268,2019-04-19,256,21,1020.8507999999999,1,2,2,2,3,하,하
USER_0269,2019-11-13,48,16,1832.1398,4,2,2,0,0,중,중
USER_0270,2019-07-08,176,9,697.9452,2,1,1,4,3,중,중
USER_0271,2019-11-17,44,13,1501.8292,4,2,2,0,0,중,중
USER_0272,2019-07-28,156,1,166.60500000000002,2,1,1,2,3,중,중
USER_0273,2019-07-08,176,19,1919.4868000000001,2,2,2,2,3,중,중
USER_0274,2019-04-08,267,44,3951.4918000000002,1,3,3,6,6,중,중
USER_0275,2019-08-30,123,34,3214.3752,3,3,3,1,2,중,중
USER_0276,2019-12-16,15,16,1442.8194,4,2,2,0,0,중,중
USER_0277,2019-11-27,34,16,2655.2686,4,2,2,0,0,중,중
USER_0278,2019-07-18,166,8,627.5312000000001,2,1,1,2,3,중,중
USER_0279,2019-01-30,335,17,1657.0992,1,2,2,6,6,하,하
USER_0280,2019-10-27,65,6,342.55420000000004,3,1,1,0,0,중,중
USER_0281,2019-11-29,32,78,9791.5314,4,3,3,6,6,상,상
USER_0282,2019-06-08,206,49,4491.2848,2,3,3,6,6,중,중
USER_0283,2019-08-02,151,32,1268.0366000000001,2,2,2,2,3,중,중
USER_0284,2019-05-21,224,36,3031.4684,1,3,3,6,6,중,중
USER_0285,2019-08-11,142,48,2165.3853,2,3,2,1,2,중,중
USER_0286,2019-09-04,118,36,3636.0437,3,3,3,2,3,중,중
USER_0287,2019-09-18,104,87,4614.9577,3,3,3,2,3,중,중
USER_0288,2019-12-12,19,76,7245.6614,4,3,3,6,6,상,상
USER_0289,2019-08-28,125,13,690.7624,3,2,1,1,2,중,중
USER_0290,2019-03-16,290,1,15.784,1,1,1,4,3,하,하
USER_0291,2019-07-12,172,11,410.8778,2,1,1,2,3,중,중
USER_0292,2019-12-20,11,148,12924.449100000002,4,4,4,4,3,상,상
USER_0293,2019-12-12,19,42,4925.7879,4,3,3,6,6,상,상
USER_0294,2019-12-06,25,18,1349.2559,4,2,2,0,0,중,중
USER_0295,2019-06-05,209,26,2328.9758,2,2,2,4,3,중,중
USER_0296,2019-06-21,193,27,1814.9152,2,2,2,2,3,중,중
USER_0297,2019-03-06,300,10,1105.5044,1,1,2,4,3,하,하
USER_0298,2019-09-26,96,4,154.6122,3,1,1,0,1,중,중
USER_0299,2019-12-02,29,29,4326.309,4,2,3,5,7,중,중
USER_0300,2019-09-22,100,31,4282.3576,3,2,3,5,7,중,중
USER_0301,2019-04-06,269,30,1937.6971,1,2,2,2,3,하,하
USER_0302,2019-09-08,114,5,79.3738,3,1,1,0,1,중,중
USER_0303,2019-04-07,268,11,3044.5922,1,1,3,2,3,하,하
USER_0304,2019-11-14,47,51,3365.6234,4,3,3,2,3,상,상
USER_0305,2019-11-17,44,3,38.7326,4,1,1,0,0,중,중
USER_0306,2019-12-19,12,11,1360.9469000000001,4,1,2,0,0,중,중
USER_0307,2019-10-16,76,4,1125.1742,3,1,2,0,0,중,중
USER_0308,2019-11-17,44,8,355.7802,4,1,1,0,0,중,중
USER_0309,2019-07-11,173,82,8816.0269,2,3,3,4,3,중,중
USER_0310,2019-08-11,142,13,1117.1601,2,2,2,1,2,중,중
USER_0311,2019-03-21,285,24,2159.7898999999998,1,2,2,4,3,하,하
USER_0312,2019-12-14,17,34,2445.5814,4,3,2,6,6,중,중
USER_0313,2019-03-02,304,9,591.2242,1,1,1,4,3,하,하
USER_0314,2019-12-19,12,10,1043.5561,4,1,2,0,0,중,중
USER_0315,2019-12-29,2,24,3309.7991,4,2,3,0,0,중,중
USER_0316,2019-08-07,146,39,2926.397,2,3,3,1,2,중,중
USER_0317,2019-09-04,118,30,2088.4817,3,2,2,4,3,중,중
USER_0318,2019-12-02,29,18,2358.1437,4,2,2,0,0,중,중
USER_0319,2019-12-06,25,3,414.6603,4,1,1,0,0,중,중
USER_0320,2019-06-03,211,15,1319.7163000000003,2,2,2,2,3,중,중
USER_0321,2019-08-28,125,9,678.3947000000001,3,1,1,1,2,중,중
USER_0322,2019-11-27,34,24,2286.6624,4,2,2,0,0,중,중
USER_0323,2019-06-25,189,20,2206.025,2,2,2,2,3,중,중
USER_0324,2019-12-10,21,8,1230.0121,4,1,2,2,3,중,중
USER_0325,2019-09-06,116,38,1462.1137,3,3,2,0,1,중,중
USER_0326,2019-04-07,268,15,782.5059,1,2,1,2,3,하,하
USER_0327,2019-03-04,302,18,591.124,1,2,1,4,3,하,하
USER_0328,2019-07-31,153,31,2423.4013999999997,2,2,2,2,3,중,중
USER_0329,2019-10-07,85,62,5004.6441,3,3,3,0,0,중,중
USER_0330,2019-12-19,12,61,5385.435100000001,4,3,3,3,4,상,상
USER_0331,2019-08-19,134,6,295.5052,2,1,1,1,2,중,중
USER_0332,2019-08-02,151,91,7300.1612000000005,2,3,3,2,3,중,중
USER_0333,2019-09-18,104,4,67.9354,3,1,1,0,1,중,중
USER_0334,2019-12-20,11,104,6891.8445,4,3,3,6,6,상,상
USER_0335,2019-09-06,116,26,1622.9025,3,2,2,0,1,중,중
USER_0336,2019-10-23,69,1,281.79,3,1,1,0,0,중,중
USER_0337,2019-01-03,362,9,788.9594000000001,1,1,1,6,6,하,하
USER_0338,2019-11-20,41,32,4734.0898,4,2,3,0,0,중,중
USER_0339,2019-11-21,40,30,2430.5332000000003,4,2,2,0,0,중,중
USER_0340,2019-08-01,152,99,8015.0523,2,3,3,6,6,중,중
USER_0341,2019-12-23,8,41,5421.1296,4,3,3,0,0,상,상
USER_0342,2019-12-12,19,9,1104.3323,4,1,2,0,0,중,중
USER_0343,2019-10-11,81,95,9069.6874,3,3,3,0,0,중,중
USER_0344,2019-01-03,362,1,175.58100000000002,1,1,1,6,6,하,하
USER_0345,2019-01-01,364,1,7.9632,1,1,1,6,6,하,하
USER_0346,2019-08-02,151,1,9.2922,2,1,1,1,2,중,중
USER_0347,2019-11-03,58,8,1120.9404000000002,3,1,2,0,0,중,중
USER_0348,2019-06-13,201,16,1957.7326000000003,2,2,2,4,3,중,중
USER_0349,2019-08-08,145,33,2540.3296,2,2,2,6,6,중,중
USER_0350,2019-07-30,154,69,4859.778600000001,2,3,3,2,3,중,중
USER_0351,2019-08-16,137,73,7127.9649,2,3,3,6,6,중,중
USER_0352,2019-10-05,87,31,3336.7407000000003,3,2,3,4,3,중,중
USER_0353,2019-12-13,18,67,7937.8694000000005,4,3,3,6,6,상,상
USER_0354,2019-09-05,117,36,3820.3131000000003,3,3,3,0,1,중,중
USER_0355,2019-12-08,23,6,348.3501,4,1,1,1,2,중,중
USER_0356,2019-03-23,283,7,628.3611,1,1,1,4,3,하,하
USER_0357,2019-05-01,244,7,459.55740000000003,1,1,1,3,4,하,하
USER_0358,2019-10-11,81,122,11257.3945,3,4,4,6,6,중,중
USER_0359,2019-12-18,13,33,3845.0284,4,2,3,0,0,중,중
USER_0360,2019-12-06,25,22,1498.7866,4,2,2,3,4,중,중
USER_0361,2019-03-26,280,7,1444.3764,1,1,2,4,3,하,하
USER_0362,2019-10-22,70,50,6933.8884,3,3,3,0,0,중,중
USER_0363,2019-07-14,170,9,197.7996,2,1,1,2,3,중,중
USER_0364,2019-12-19,12,24,3541.719,4,2,3,0,0,중,중
USER_0365,2019-12-13,18,11,1022.4464,4,1,2,0,0,중,중
USER_0366,2019-06-12,202,1,26.0482,2,1,1,2,3,중,중
USER_0367,2019-02-16,318,2,359.6682,1,1,1,5,7,하,하
USER_0368,2019-10-30,62,9,1297.5416000000002,3,1,2,0,0,중,중
USER_0369,2019-02-11,323,50,6037.8554,1,3,3,5,7,중,중
USER_0370,2019-12-19,12,54,5486.1363,4,3,3,4,3,상,상
USER_0371,2019-06-02,212,28,1571.8254000000002,2,2,2,2,3,중,중
USER_0372,2019-04-07,268,1,137.645,1,1,1,2,3,하,하
USER_0373,2019-12-10,21,33,3472.6292000000003,4,2,3,2,3,중,중
USER_0374,2019-09-14,108,28,2816.9197,3,2,3,0,1,중,중
USER_0375,2019-09-04,118,29,3951.1653,3,2,3,1,2,중,중
USER_0376,2019-11-27,34,69,10009.326000000001,4,3,3,2,3,상,상
USER_0377,2019-12-20,11,23,3762.4261,4,2,3,0,0,중,중
USER_0378,2019-12-15,16,7,454.6904,4,1,1,0,0,중,중
USER_0379,2019-06-22,192,18,1174.2763,2,2,2,2,3,중,중
USER_0380,2019-03-23,283,6,1366.8700000000001,1,1,2,4,3,하,하
USER_0381,2019-12-04,27,12,1496.0308,4,1,2,0,0,중,중
USER_0382,2019-09-14,108,1,47.3,3,1,1,0,1,중,중
USER_0383,2019-11-03,58,12,1867.1398,3,1,2,2,3,중,중
USER_0384,2019-12-13,18,10,896.8774000000001,4,1,1,0,0,중,중
USER_0385,2019-09-15,107,12,447.9598,3,1,1,0,1,중,중
USER_0386,2019-10-18,74,11,832.3168000000001,3,1,1,0,0,중,중
USER_0387,2019-12-27,4,25,3608.9488,4,2,3,0,0,중,중
USER_0388,2019-07-14,170,7,402.5858,2,1,1,2,3,중,중
USER_0389,2019-10-05,87,1,12.589,3,1,1,0,1,중,중
USER_0390,2019-12-12,19,13,1628.6831,4,2,2,0,0,중,중
USER_0391,2019-02-09,325,12,1074.6984,1,1,2,6,6,하,하
USER_0392,2019-05-22,223,3,180.2076,1,1,1,3,4,하,하
USER_0393,2019-07-13,171,1,14.496,2,1,1,2,3,중,중
USER_0394,2019-01-29,336,5,543.417,1,1,1,6,6,하,하
USER_0395,2019-05-10,235,16,1212.5054,1,2,2,3,4,하,하
USER_0396,2019-12-26,5,33,3767.2472000000002,4,2,3,4,3,중,중
USER_0397,2019-10-04,88,44,3692.0238,3,3,3,2,3,중,중
USER_0398,2019-09-11,111,52,4966.9614,3,3,3,2,3,중,중
USER_0399,2019-09-13,109,44,6185.4738,3,3,3,4,3,중,중
USER_0400,2019-09-18,104,9,179.5434,3,1,1,2,3,중,중
USER_0401,2019-08-27,126,18,627.6994,3,2,1,1,2,중,중
USER_0402,2019-10-03,89,32,3658.2980000000002,3,2,3,3,4,중,중
USER_0403,2019-01-09,356,9,1290.748,1,1,2,6,6,하,하
USER_0404,2019-12-02,29,7,816.5624,4,1,1,0,0,중,중
USER_0405,2019-06-27,187,39,1992.9677000000001,2,3,2,2,3,중,중
USER_0406,2019-04-10,265,26,4614.5078,1,2,3,2,3,중,중
USER_0407,2019-09-25,97,50,3375.3302000000003,3,3,3,6,6,중,중
USER_0408,2019-07-14,170,31,4131.2294,2,2,3,4,3,중,중
USER_0409,2019-04-27,248,26,1789.4425999999999,1,2,2,2,3,하,하
USER_0410,2019-11-22,39,66,8461.7854,4,3,3,1,2,상,상
USER_0411,2019-12-17,14,54,7689.907300000001,4,3,3,0,0,상,상
USER_0412,2019-07-26,158,5,178.99979999999996,2,1,1,6,6,중,중
USER_0413,2019-08-01,152,15,412.0494,2,2,1,6,6,중,중
USER_0414,2019-10-29,63,114,12030.3696,3,3,4,0,0,중,중
USER_0415,2019-11-21,40,41,4384.8812,4,3,3,2,3,상,상
USER_0416,2019-05-31,214,48,3894.1126,2,3,3,3,4,중,중
USER_0417,2019-10-28,64,38,3093.8223000000003,3,3,3,6,6,중,중
USER_0418,2019-09-28,94,44,6202.3304,3,3,3,3,4,중,중
USER_0419,2019-10-11,81,24,2606.2007000000003,3,2,2,0,0,중,중
USER_0420,2019-01-09,356,13,2758.1076000000003,1,2,2,6,6,하,하
USER_0421,2019-03-02,304,69,6648.7507000000005,1,3,3,4,3,중,중
USER_0422,2019-04-25,250,29,2877.8908,1,2,3,2,3,중,중
USER_0423,2019-07-10,174,95,8687.0704,2,3,3,5,7,중,중
USER_0424,2019-12-18,13,171,14563.967400000001,4,4,4,4,3,상,상
USER_0425,2019-10-03,89,92,10194.3033,3,3,3,0,0,중,중
USER_0426,2019-09-20,102,1,21.576,3,1,1,0,1,중,중
USER_0427,2019-10-04,88,61,3504.9621,3,3,3,6,6,중,중
USER_0428,2019-09-04,118,59,7574.9065,3,3,3,2,3,중,중
USER_0429,2019-09-11,111,3,164.2846,3,1,1,0,1,중,중
USER_0430,2019-07-07,177,17,1345.5513,2,2,2,2,3,중,중
USER_0431,2019-12-05,26,7,748.1204,4,1,1,2,3,중,중
USER_0432,2019-08-27,126,11,1292.8683999999998,3,1,2,1,2,중,중
USER_0433,2019-07-08,176,1,23.9242,2,1,1,2,3,중,중
USER_0434,2019-12-12,19,20,2408.9654,4,2,2,0,0,중,중
USER_0435,2019-10-17,75,65,9852.428600000001,3,3,3,0,0,중,중
USER_0436,2019-12-18,13,17,2359.6345,4,2,2,0,0,중,중
USER_0437,2019-09-09,113,69,5803.782700000001,3,3,3,6,6,중,중
USER_0438,2019-01-15,350,21,3276.1606,1,2,3,6,6,중,중
USER_0439,2019-11-16,45,69,9719.183,4,3,3,2,3,상,상
USER_0440,2019-06-03,211,12,875.6824,2,1,1,2,3,중,중
USER_0441,2019-12-18,13,85,9241.616100000001,4,3,3,6,6,상,상
USER_0442,2019-05-04,241,51,2985.3478,1,3,3,3,4,중,중
USER_0443,2019-02-23,311,26,3094.7834000000003,1,2,3,5,7,중,중
USER_0444,2019-08-25,128,18,1562.4952,3,2,2,1,2,중,중
USER_0445,2019-10-05,87,20,1424.6977000000002,3,2,2,1,2,중,중
USER_0446,2019-09-09,113,14,596.793,3,2,1,4,3,중,중
USER_0447,2019-12-16,15,83,8538.2274,4,3,3,6,6,상,상
USER_0448,2019-08-24,129,3,134.112,3,1,1,1,2,중,중
USER_0449,2019-12-13,18,12,1526.5495,4,1,2,0,0,중,중
USER_0450,2019-10-26,66,46,5188.564,3,3,3,4,3,중,중
USER_0451,2019-12-27,4,30,4863.8704,4,2,3,0,0,중,중
USER_0452,2019-06-08,206,4,378.156,2,1,1,2,3,중,중
USER_0453,2019-04-17,258,14,1751.9219,1,2,2,2,3,하,하
USER_0454,2019-05-22,223,1,333.8,1,1,1,3,4,하,하
USER_0455,2019-08-19,134,15,1270.9544,2,2,2,1,2,중,중
USER_0456,2019-07-18,166,36,3220.7862,2,3,3,5,7,중,중
USER_0457,2019-01-31,334,5,105.7284,1,1,1,6,6,하,하
USER_0458,2019-11-21,40,52,3962.6330000000003,4,3,3,4,3,상,상
USER_0459,2019-12-09,22,22,1122.4288,4,2,2,2,3,중,중
USER_0460,2019-06-22,192,11,1107.7538,2,1,2,2,3,중,중
USER_0461,2019-07-19,165,18,2499.515,2,2,2,2,3,중,중
USER_0462,2019-10-10,82,40,4412.0685,3,3,3,0,0,중,중
USER_0463,2019-11-20,41,23,2063.9685,4,2,2,1,2,중,중
USER_0464,2019-12-11,20,15,2469.4647,4,2,2,0,0,중,중
USER_0465,2019-01-31,334,3,302.497,1,1,1,6,6,하,하
USER_0466,2019-01-09,356,9,1015.5026,1,1,2,6,6,하,하
USER_0467,2019-09-12,110,8,1204.5468,3,1,2,0,1,중,중
USER_0468,2019-11-12,49,9,590.6074,4,1,1,0,0,중,중
USER_0469,2019-09-14,108,8,1089.7532,3,1,2,0,1,중,중
USER_0470,2019-10-31,61,40,4273.2983,3,3,3,2,3,중,중
USER_0471,2019-10-27,65,8,288.13,3,1,1,0,0,중,중
USER_0472,2019-04-27,248,31,2815.0395000000003,1,2,3,2,3,중,중
USER_0473,2019-10-19,73,39,4631.5324,3,3,3,0,0,중,중
USER_0474,2019-07-27,157,31,1487.3277,2,2,2,2,3,중,중
USER_0475,2019-01-30,335,2,32.6182,1,1,1,6,6,하,하
USER_0476,2019-08-22,131,29,2092.6711,3,2,2,1,2,중,중
USER_0477,2019-03-21,285,13,1341.4736,1,2,2,4,3,하,하
USER_0478,2019-11-12,49,24,2591.3813999999998,4,2,2,3,4,중,중
USER_0479,2019-09-14,108,3,660.296,3,1,1,0,1,중,중
USER_0480,2019-03-04,302,15,1123.0710000000001,1,2,2,4,3,하,하
USER_0481,2019-08-18,135,2,256.6,2,1,1,1,2,중,중
USER_0482,2019-11-29,32,239,17071.6249,4,4,4,3,4,상,상
USER_0483,2019-11-11,50,34,3627.1491,4,3,3,2,3,상,상
USER_0484,2019-09-23,99,79,9468.3093,3,3,3,6,6,중,중
USER_0485,2019-12-15,16,22,1047.0999,4,2,2,2,3,중,중
USER_0486,2019-12-12,19,22,2074.6556,4,2,2,2,3,중,중
USER_0487,2019-10-01,91,33,2673.4317,3,2,2,1,2,중,중
USER_0488,2019-08-14,139,28,2044.6761999999999,2,2,2,1,2,중,중
USER_0489,2019-09-02,120,76,5444.5232000000005,3,3,3,0,1,중,중
USER_0490,2019-10-13,79,42,3902.3601,3,3,3,2,3,중,중
USER_0491,2019-11-03,58,24,2028.3734000000002,3,2,2,0,0,중,중
USER_0492,2019-06-22,192,14,1989.6162,2,2,2,4,3,중,중
USER_0493,2019-04-13,262,11,1571.0314,1,1,2,2,3,하,하
USER_0494,2019-10-12,80,8,1735.269,3,1,2,0,0,중,중
USER_0495,2019-06-20,194,4,199.1828,2,1,1,2,3,중,중
USER_0496,2019-04-09,266,23,1985.5824,1,2,2,6,6,하,하
USER_0497,2019-10-23,69,6,785.5082,3,1,1,0,0,중,중
USER_0498,2019-01-20,345,28,4055.2804,1,2,3,6,6,중,중
USER_0499,2019-08-11,142,63,4534.0373,2,3,3,6,6,중,중
USER_0500,2019-02-08,326,33,4623.950000000001,1,2,3,5,7,중,중
USER_0501,2019-11-21,40,20,2123.3671,4,2,2,2,3,중,중
USER_0502,2019-09-06,116,46,4016.7194,3,3,3,4,3,중,중
USER_0503,2019-10-19,73,14,2679.4768000000004,3,2,2,4,3,중,중
USER_0504,2019-12-31,0,8,1250.5751,4,1,2,0,0,중,중
USER_0505,2019-12-11,20,14,754.5502,4,2,1,0,0,중,중
USER_0506,2019-05-09,236,23,2829.6867,1,2,3,3,4,중,중
USER_0507,2019-06-14,200,8,317.4214,2,1,1,2,3,중,중
USER_0508,2019-09-18,104,116,11260.0405,3,4,4,3,4,중,중
USER_0509,2019-04-25,250,21,1816.1211,1,2,2,2,3,하,하
USER_0510,2019-11-27,34,47,4355.8968,4,3,3,2,3,상,상
USER_0511,2019-09-18,104,24,1396.6417000000001,3,2,2,0,1,중,중
USER_0512,2019-04-11,264,5,215.6594,1,1,1,2,3,하,하
USER_0513,2019-12-31,0,9,615.3816,4,1,1,0,0,중,중
USER_0514,2019-10-13,79,32,3297.814,3,2,3,0,0,중,중
USER_0515,2019-11-06,55,30,5080.5115,4,2,3,2,3,중,중
USER_0516,2019-10-03,89,2,53.291,3,1,1,2,3,중,중
USER_0517,2019-12-03,28,29,2563.0299,4,2,2,0,0,중,중
USER_0518,2019-12-14,17,42,2775.554,4,3,2,6,6,중,중
USER_0519,2019-05-02,243,18,875.5683,1,2,1,3,4,하,하
USER_0520,2019-01-25,340,50,7876.5639,1,3,3,6,6,중,중
USER_0521,2019-10-06,86,11,1059.8486,3,1,2,0,0,중,중
USER_0522,2019-12-11,20,3,747.252,4,1,1,0,0,중,중
USER_0523,2019-12-12,19,2,487.05600000000004,4,1,1,0,0,중,중
USER_0524,2019-12-25,6,58,8778.0686,4,3,3,2,3,상,상
USER_0525,2019-12-21,10,17,2267.8716,4,2,2,6,6,중,중
USER_0526,2019-11-29,32,15,3125.4034,4,2,3,0,0,중,중
USER_0527,2019-08-08,145,69,5787.3509,2,3,3,2,3,중,중
USER_0528,2019-04-14,261,10,471.1628,1,1,1,2,3,하,하
USER_0529,2019-03-13,293,14,1910.1518,1,2,2,4,3,하,하
USER_0530,2019-01-21,344,4,611.9590000000001,1,1,1,6,6,하,하
USER_0531,2019-12-04,27,19,897.5251000000001,4,2,1,6,6,중,중
USER_0532,2019-12-19,12,29,3251.6601,4,2,3,0,0,중,중
USER_0533,2019-05-14,231,14,848.3893,1,2,1,3,4,하,하
USER_0534,2019-10-12,80,4,1094.47,3,1,2,0,0,중,중
USER_0535,2019-12-01,30,44,4583.669,4,3,3,0,0,상,상
USER_0536,2019-08-04,149,183,13249.9961,2,4,4,3,4,중,중
USER_0537,2019-02-27,307,49,6793.6916,1,3,3,5,7,중,중
USER_0538,2019-08-25,128,26,1489.9009,3,2,2,1,2,중,중
USER_0539,2019-05-23,222,26,1162.6077,1,2,2,3,4,하,하
USER_0540,2019-09-11,111,27,2427.5086,3,2,2,3,4,중,중
USER_0541,2019-11-29,32,195,15556.661,4,4,4,6,6,상,상
USER_0542,2019-11-22,39,23,2181.7112,4,2,2,2,3,중,중
USER_0543,2019-07-13,171,9,611.9322,2,1,1,2,3,중,중
USER_0544,2019-10-23,69,29,5749.8662,3,2,3,0,0,중,중
USER_0545,2019-12-19,12,11,1626.2357000000002,4,1,2,0,0,중,중
USER_0546,2019-11-14,47,71,11309.9501,4,3,4,0,0,상,상
USER_0547,2019-10-20,72,10,1755.7721000000001,3,1,2,2,3,중,중
USER_0548,2019-05-15,230,57,5743.9016,1,3,3,3,4,중,중
USER_0549,2019-10-27,65,2,358.6682,3,1,1,0,0,중,중
USER_0550,2019-12-08,23,54,6414.6587,4,3,3,0,0,상,상
USER_0551,2019-07-19,165,23,974.5358000000001,2,2,1,2,3,중,중
USER_0552,2019-12-21,10,22,2340.5437,4,2,2,2,3,중,중
USER_0553,2019-05-16,229,54,2320.7767,1,3,2,3,4,중,중
USER_0554,2019-09-26,96,58,6180.2392,3,3,3,0,1,중,중
USER_0555,2019-01-31,334,73,6399.5226,1,3,3,6,6,중,중
USER_0556,2019-01-30,335,1,77.09939999999999,1,1,1,6,6,하,하
USER_0557,2019-05-04,241,38,3009.1103000000003,1,3,3,3,4,중,중
USER_0558,2019-12-07,24,117,11217.349,4,4,3,1,2,상,상
USER_0559,2019-02-02,332,3,319.983,1,1,1,5,7,하,하
USER_0560,2019-01-11,354,30,4704.951,1,2,3,6,6,중,중
USER_0561,2019-11-23,38,5,874.3682,4,1,1,0,0,중,중
USER_0562,2019-12-31,0,2,823.638,4,1,1,0,0,중,중
USER_0563,2019-12-31,0,562,57395.8574,4,4,4,6,6,상,상
USER_0564,2019-05-11,234,1,12.5962,1,1,1,3,4,하,하
USER_0565,2019-10-31,61,1,136.9,3,1,1,0,0,중,중
USER_0566,2019-07-27,157,6,635.5595000000001,2,1,1,2,3,중,중
USER_0567,2019-06-16,198,14,1138.9078,2,2,2,2,3,중,중
USER_0568,2019-05-19,226,36,3062.2416,1,3,3,6,6,중,중
USER_0569,2019-12-05,26,5,712.5395,4,1,1,0,0,중,중
USER_0570,2019-06-20,194,41,2913.0950000000003,2,3,3,3,4,중,중
USER_0571,2019-07-12,172,18,1400.1126000000002,2,2,2,2,3,중,중
USER_0572,2019-10-02,90,289,24343.4673,3,4,4,2,3,중,중
USER_0573,2019-07-23,161,28,1988.5458,2,2,2,2,3,중,중
USER_0574,2019-09-13,109,61,6228.2894,3,3,3,0,1,중,중
USER_0575,2019-11-19,42,49,5948.6446000000005,4,3,3,0,0,상,상
USER_0576,2019-11-15,46,22,3176.3479,4,2,3,0,0,중,중
USER_0577,2019-12-11,20,25,5120.1017,4,2,3,0,0,중,중
USER_0578,2019-09-12,110,163,17004.1953,3,4,4,4,3,중,중
USER_0579,2019-08-19,134,109,6989.0887,2,3,3,1,2,중,중
USER_0580,2019-08-06,147,34,2744.0480000000002,2,3,2,1,2,중,중
USER_0581,2019-03-21,285,15,1917.0794000000003,1,2,2,4,3,하,하
USER_0582,2019-01-31,334,1,175.58100000000002,1,1,1,6,6,하,하
USER_0583,2019-10-22,70,88,8149.4062,3,3,3,5,7,중,중
USER_0584,2019-05-08,237,44,3821.5198,1,3,3,3,4,중,중
USER_0585,2019-11-29,32,57,7801.574100000001,4,3,3,6,6,상,상
USER_0586,2019-10-14,78,26,3514.6752,3,2,3,0,0,중,중
USER_0587,2019-09-15,107,35,4154.3813,3,3,3,6,6,중,중
USER_0588,2019-11-09,52,57,9064.0498,4,3,3,0,0,상,상
USER_0589,2019-11-16,45,90,8633.3591,4,3,3,2,3,상,상
USER_0590,2019-05-24,221,12,1912.2563,1,1,2,4,3,하,하
USER_0591,2019-11-09,52,36,2611.126,4,3,2,2,3,중,중
USER_0592,2019-09-30,92,80,8772.3658,3,3,3,2,3,중,중
USER_0593,2019-08-24,129,13,608.8811000000001,3,2,1,1,2,중,중
USER_0594,2019-06-23,191,89,8017.8945,2,3,3,5,7,중,중
USER_0595,2019-01-08,357,71,9455.2529,1,3,3,6,6,중,중
USER_0596,2019-07-18,166,10,387.6896,2,1,1,2,3,중,중
USER_0597,2019-11-03,58,133,12383.8416,3,4,4,4,3,중,중
USER_0598,2019-12-14,17,33,3817.2762000000002,4,2,3,2,3,중,중
USER_0599,2019-07-12,172,8,291.5318,2,1,1,2,3,중,중
USER_0600,2019-11-11,50,11,2341.9564,4,1,2,0,0,중,중
USER_0601,2019-07-23,161,18,1176.9812,2,2,2,4,3,중,중
USER_0602,2019-05-14,231,19,1700.2436,1,2,2,6,6,하,하
USER_0603,2019-12-03,28,14,1948.7468,4,2,2,4,3,중,중
USER_0604,2019-08-23,130,35,1984.7469,3,3,2,4,3,중,중
USER_0605,2019-08-10,143,27,3145.8556000000003,2,2,3,1,2,중,중
USER_0606,2019-08-09,144,7,1097.2578,2,1,2,1,2,중,중
USER_0607,2019-04-18,257,8,904.6536000000001,1,1,1,6,6,하,하
USER_0608,2019-09-20,102,59,6085.353,3,3,3,2,3,중,중
USER_0609,2019-09-29,93,17,1485.1823,3,2,2,0,1,중,중
USER_0610,2019-01-29,336,20,1740.1888000000001,1,2,2,6,6,하,하
USER_0611,2019-11-29,32,22,3378.2248000000004,4,2,3,0,0,중,중
USER_0612,2019-06-20,194,2,73.94040000000001,2,1,1,2,3,중,중
USER_0613,2019-12-21,10,18,3214.5479,4,2,3,0,0,중,중
USER_0614,2019-10-03,89,29,4892.622600000001,3,2,3,0,1,중,중
USER_0615,2019-10-13,79,6,570.7636000000001,3,1,1,0,0,중,중
USER_0616,2019-09-26,96,4,281.29,3,1,1,0,1,중,중
USER_0617,2019-08-12,141,9,909.1264000000001,2,1,1,1,2,중,중
USER_0618,2019-10-12,80,142,16287.9926,3,4,4,4,3,중,중
USER_0619,2019-12-14,17,6,1292.9015,4,1,2,0,0,중,중
USER_0620,2019-08-08,145,146,13084.787900000001,2,4,4,5,7,중,중
USER_0621,2019-11-22,39,19,3411.825,4,2,3,0,0,중,중
USER_0622,2019-12-28,3,55,7431.9007,4,3,3,5,7,상,상
USER_0623,2019-02-15,319,30,3273.4875,1,2,3,5,7,중,중
USER_0624,2019-03-27,279,2,405.70000000000005,1,1,1,4,3,하,하
USER_0625,2019-06-14,200,17,1429.6292,2,2,2,4,3,중,중
USER_0626,2019-08-02,151,5,385.06460000000004,2,1,1,1,2,중,중
USER_0627,2019-06-12,202,28,4501.8364,2,2,3,6,6,중,중
USER_0628,2019-06-13,201,19,2641.9855000000002,2,2,2,2,3,중,중
USER_0629,2019-12-27,4,2,192.78400000000002,4,1,1,0,0,중,중
USER_0630,2019-11-03,58,51,5488.5732,3,3,3,6,6,중,중
USER_0631,2019-12-06,25,22,1754.5731,4,2,2,4,3,중,중
USER_0632,2019-01-30,335,3,56.3382,1,1,1,6,6,하,하
USER_0633,2019-04-07,268,1,22.4495,1,1,1,2,3,하,하
USER_0634,2019-08-07,146,16,1074.0691000000002,2,2,2,4,3,중,중
USER_0635,2019-05-25,220,25,1085.8242,2,2,2,3,4,중,중
USER_0636,2019-06-15,199,13,1175.3258,2,2,2,2,3,중,중
USER_0637,2019-08-06,147,10,633.1076,2,1,1,1,2,중,중
USER_0638,2019-09-30,92,3,103.08,3,1,1,0,1,중,중
USER_0639,2019-04-14,261,32,3962.2378,1,2,3,2,3,중,중
USER_0640,2019-09-12,110,12,1902.515,3,1,2,5,7,중,중
USER_0641,2019-05-24,221,40,5572.2349,1,3,3,6,6,중,중
USER_0642,2019-05-24,221,48,5911.317300000001,1,3,3,4,3,중,중
USER_0643,2019-12-21,10,518,57595.6279,4,4,4,6,6,상,상
USER_0644,2019-06-09,205,17,1117.648,2,2,2,2,3,중,중
USER_0645,2019-09-24,98,15,2521.9674,3,2,2,0,1,중,중
USER_0646,2019-04-13,262,17,930.4261,1,2,1,2,3,하,하
USER_0647,2019-07-13,171,1,50.8164,2,1,1,2,3,중,중
USER_0648,2019-04-29,246,10,703.7227,1,1,1,4,3,하,하
USER_0649,2019-08-01,152,41,3947.7822,2,3,3,3,4,중,중
USER_0650,2019-11-09,52,4,619.414,4,1,1,0,0,중,중
USER_0651,2019-09-08,114,16,1120.4259,3,2,2,0,1,중,중
USER_0652,2019-10-31,61,74,5343.4532,3,3,3,1,2,중,중
USER_0653,2019-06-24,190,49,4781.4686,2,3,3,2,3,중,중
USER_0654,2019-04-13,262,2,378.3612,1,1,1,2,3,하,하
USER_0655,2019-07-20,164,56,3959.7696,2,3,3,4,3,중,중
USER_0656,2019-12-13,18,146,13421.2771,4,4,4,2,3,상,상
USER_0657,2019-01-09,356,54,6773.8144,1,3,3,6,6,중,중
USER_0658,2019-03-20,286,5,371.6792,1,1,1,4,3,하,하
USER_0659,2019-03-30,276,57,4682.3847,1,3,3,4,3,중,중
USER_0660,2019-09-18,104,105,9729.0507,3,3,3,5,7,중,중
USER_0661,2019-03-27,279,47,4469.8556,1,3,3,4,3,중,중
USER_0662,2019-03-10,296,14,1155.3319999999999,1,2,2,4,3,하,하
USER_0663,2019-04-05,270,30,2325.8584,1,2,2,2,3,하,하
USER_0664,2019-09-01,121,64,4604.2986,3,3,3,0,1,중,중
USER_0665,2019-07-25,159,81,6391.0932,2,3,3,2,3,중,중
USER_0666,2019-02-12,322,35,2926.9955,1,3,3,5,7,중,중
USER_0667,2019-12-05,26,309,28576.067900000002,4,4,4,4,3,상,상
USER_0668,2019-08-16,137,134,10467.8153,2,4,3,3,4,중,중
USER_0669,2019-12-12,19,49,4690.3624,4,3,3,2,3,상,상
USER_0670,2019-03-07,299,23,1839.8033,1,2,2,4,3,하,하
USER_0671,2019-10-17,75,29,2961.8662,3,2,3,0,0,중,중
USER_0672,2019-11-16,45,22,3342.81,4,2,3,0,0,중,중
USER_0673,2019-12-03,28,61,7017.4101,4,3,3,0,0,상,상
USER_0674,2019-10-06,86,30,2939.3304000000003,3,2,3,1,2,중,중
USER_0675,2019-10-27,65,168,17321.5282,3,4,4,6,6,중,중
USER_0676,2019-06-11,203,11,507.567,2,1,1,2,3,중,중
USER_0677,2019-01-19,346,1,565.3346,1,1,1,6,6,하,하
USER_0678,2019-10-16,76,56,6473.0843,3,3,3,4,3,중,중
USER_0679,2019-11-20,41,25,3325.944,4,2,3,2,3,중,중
USER_0680,2019-03-26,280,8,652.907,1,1,1,4,3,하,하
USER_0681,2019-12-26,5,23,2907.3923,4,2,3,0,0,중,중
USER_0682,2019-07-23,161,39,4285.892400000001,2,3,3,6,6,중,중
USER_0683,2019-08-30,123,5,382.1428,3,1,1,6,6,중,중
USER_0684,2019-08-01,152,5,310.8918,2,1,1,2,3,중,중
USER_0685,2019-12-09,22,20,1818.1678000000002,4,2,2,6,6,중,중
USER_0686,2019-10-20,72,8,1414.7946,3,1,2,0,0,중,중
USER_0687,2019-01-20,345,16,3193.262,1,2,3,6,6,중,중
USER_0688,2019-08-03,150,8,362.154,2,1,1,1,2,중,중
USER_0689,2019-11-29,32,17,1867.3308,4,2,2,0,0,중,중
USER_0690,2019-06-28,186,56,3541.5883,2,3,3,2,3,중,중
USER_0691,2019-11-18,43,78,7677.7365,4,3,3,3,4,상,상
USER_0692,2019-06-27,187,4,471.015,2,1,1,2,3,중,중
USER_0693,2019-07-18,166,16,528.2207,2,2,1,2,3,중,중
USER_0694,2019-01-11,354,26,1908.6858,1,2,2,6,6,하,하
USER_0695,2019-10-08,84,41,2980.2702,3,3,3,0,0,중,중
USER_0696,2019-09-22,100,7,160.1652,3,1,1,1,2,중,중
USER_0697,2019-09-30,92,11,646.0088,3,1,1,0,1,중,중
USER_0698,2019-10-16,76,45,4335.8248,3,3,3,3,4,중,중
USER_0699,2019-03-24,282,6,664.6224,1,1,1,4,3,하,하
USER_0700,2019-05-24,221,2,81.83239999999999,1,1,1,2,3,하,하
USER_0701,2019-11-29,32,10,1596.7547,4,1,2,1,2,중,중
USER_0702,2019-04-19,256,15,1141.5348000000001,1,2,2,2,3,하,하
USER_0703,2019-12-02,29,110,12692.798400000001,4,3,4,4,3,상,상
USER_0704,2019-08-22,131,4,87.4486,3,1,1,2,3,중,중
USER_0705,2019-12-26,5,3,176.9666,4,1,1,0,0,중,중
USER_0706,2019-12-07,24,20,299.0104,4,2,1,0,0,중,중
USER_0707,2019-06-27,187,9,419.54740000000004,2,1,1,2,3,중,중
USER_0708,2019-07-12,172,3,99.917,2,1,1,2,3,중,중
USER_0709,2019-04-20,255,23,1409.5509,1,2,2,2,3,하,하
USER_0710,2019-10-22,70,25,827.672,3,2,1,1,2,중,중
USER_0711,2019-11-03,58,2,293.98240000000004,3,1,1,0,0,중,중
USER_0712,2019-10-20,72,28,3024.1608,3,2,3,0,0,중,중
USER_0713,2019-04-05,270,11,430.7982,1,1,1,5,7,하,하
USER_0714,2019-10-17,75,5,1042.34,3,1,2,0,0,중,중
USER_0715,2019-06-20,194,16,451.1404,2,2,1,3,4,중,중
USER_0716,2019-12-12,19,8,979.9936000000001,4,1,1,0,0,중,중
USER_0717,2019-11-03,58,16,1229.3994,3,2,2,0,0,중,중
USER_0718,2019-12-19,12,87,7895.651800000001,4,3,3,6,6,상,상
USER_0719,2019-12-04,27,16,1855.1088,4,2,2,6,6,중,중
USER_0720,2019-06-13,201,12,355.9345,2,1,1,2,3,중,중
USER_0721,2019-01-20,345,17,1935.873,1,2,2,6,6,하,하
USER_0722,2019-09-27,95,9,1448.1824000000001,3,1,2,0,1,중,중
USER_0723,2019-07-23,161,6,743.324,2,1,1,2,3,중,중
USER_0724,2019-12-13,18,18,1002.7969,4,2,1,0,0,중,중
USER_0725,2019-07-26,158,40,4508.152700000001,2,3,3,2,3,중,중
USER_0726,2019-07-06,178,21,2055.4734000000003,2,2,2,2,3,중,중
USER_0727,2019-10-05,87,55,4432.405000000001,3,3,3,1,2,중,중
USER_0728,2019-04-17,258,26,2903.896,1,2,3,2,3,중,중
USER_0729,2019-09-04,118,19,735.7369,3,2,1,2,3,중,중
USER_0730,2019-10-14,78,35,1227.0631,3,3,2,6,6,중,중
USER_0731,2019-09-10,112,57,4296.097,3,3,3,0,1,중,중
USER_0732,2019-09-20,102,39,2478.388,3,3,2,2,3,중,중
USER_0733,2019-01-29,336,3,409.2197,1,1,1,6,6,하,하
USER_0734,2019-03-07,299,34,4512.2376,1,3,3,4,3,중,중
USER_0735,2019-03-06,300,5,310.38620000000003,1,1,1,4,3,하,하
USER_0736,2019-12-19,12,573,53340.8981,4,4,4,6,6,상,상
USER_0737,2019-07-07,177,17,776.9013,2,2,1,2,3,중,중
USER_0738,2019-09-09,113,1,57.92,3,1,1,0,1,중,중
USER_0739,2019-08-14,139,29,2054.7586,2,2,2,1,2,중,중
USER_0740,2019-04-19,256,3,112.4135,1,1,1,2,3,하,하
USER_0741,2019-04-06,269,35,3171.0356,1,3,3,5,7,중,중
USER_0742,2019-10-23,69,41,6019.8234,3,3,3,0,0,중,중
USER_0743,2019-08-17,136,17,909.3816,2,2,1,1,2,중,중
USER_0744,2019-04-07,268,5,116.9762,1,1,1,2,3,하,하
USER_0745,2019-01-10,355,5,651.4586,1,1,1,6,6,하,하
USER_0746,2019-02-14,320,39,5497.0927,1,3,3,5,7,중,중
USER_0747,2019-03-20,286,12,1178.8528000000001,1,1,2,4,3,하,하
USER_0748,2019-05-24,221,115,11670.6073,1,4,4,4,3,중,중
USER_0749,2019-12-03,28,120,11204.3819,4,4,3,2,3,상,상
USER_0750,2019-05-12,233,7,577.1088,1,1,1,3,4,하,하
USER_0751,2019-01-22,343,16,1345.0638000000001,1,2,2,6,6,하,하
USER_0752,2019-11-20,41,12,2341.8606,4,1,2,0,0,중,중
USER_0753,2019-06-20,194,7,658.0218,2,1,1,2,3,중,중
USER_0754,2019-08-17,136,8,127.0458,2,1,1,1,2,중,중
USER_0755,2019-10-30,62,24,2907.6632,3,2,3,5,7,중,중
USER_0756,2019-09-28,94,136,11575.2572,3,4,4,2,3,중,중
USER_0757,2019-04-19,256,1,386.4354,1,1,1,2,3,하,하
USER_0758,2019-06-05,209,22,2083.4262000000003,2,2,2,6,6,중,중
USER_0759,2019-06-21,193,20,1880.3933000000002,2,2,2,2,3,중,중
USER_0760,2019-06-16,198,23,2579.7839000000004,2,2,2,2,3,중,중
USER_0761,2019-09-15,107,7,1277.8864,3,1,2,0,1,중,중
USER_0762,2019-11-25,36,47,7598.272400000001,4,3,3,0,0,상,상
USER_0763,2019-12-13,18,16,778.6706,4,2,1,0,0,중,중
USER_0764,2019-09-30,92,6,417.3372,3,1,1,0,1,중,중
USER_0765,2019-03-15,291,87,8098.294,1,3,3,5,7,중,중
USER_0766,2019-10-08,84,51,3817.1398000000004,3,3,3,0,0,중,중
USER_0767,2019-08-27,126,9,745.2407,3,1,1,1,2,중,중
USER_0768,2019-11-27,34,28,5778.2866,4,2,3,0,0,중,중
USER_0769,2019-05-10,235,25,2048.1206,1,2,2,3,4,하,하
USER_0770,2019-06-11,203,26,1737.1932000000002,2,2,2,2,3,중,중
USER_0771,2019-07-11,173,58,7442.2219000000005,2,3,3,2,3,중,중
USER_0772,2019-07-25,159,156,14873.7918,2,4,4,2,3,중,중
USER_0773,2019-10-05,87,21,1874.4776,3,2,2,5,7,중,중
USER_0774,2019-05-23,222,1,9.289,1,1,1,3,4,하,하
USER_0775,2019-06-13,201,8,389.0502,2,1,1,2,3,중,중
USER_0776,2019-08-07,146,43,2995.6675,2,3,3,6,6,중,중
USER_0777,2019-11-27,34,11,1853.1466,4,1,2,0,0,중,중
USER_0778,2019-10-14,78,163,13981.155,3,4,4,4,3,중,중
USER_0779,2019-03-16,290,39,4428.1467,1,3,3,4,3,중,중
USER_0780,2019-05-03,242,70,4637.9624,1,3,3,3,4,중,중
USER_0781,2019-08-28,125,1,39.1142,3,1,1,1,2,중,중
USER_0782,2019-06-06,208,6,206.4144,2,1,1,2,3,중,중
USER_0783,2019-11-08,53,44,4189.955,4,3,3,6,6,상,상
USER_0784,2019-05-25,220,113,8316.7759,2,3,3,2,3,중,중
USER_0785,2019-10-23,69,66,4409.474,3,3,3,1,2,중,중
USER_0786,2019-01-09,356,55,7615.2918,1,3,3,6,6,중,중
USER_0787,2019-11-18,43,26,2437.3878,4,2,2,2,3,중,중
USER_0788,2019-09-27,95,74,7636.4001,3,3,3,4,3,중,중
USER_0789,2019-06-21,193,50,7159.8405,2,3,3,2,3,중,중
USER_0790,2019-09-05,117,41,4639.5004,3,3,3,2,3,중,중
USER_0791,2019-01-22,343,26,2431.5402,1,2,2,6,6,하,하
USER_0792,2019-02-10,324,31,4173.5626,1,2,3,5,7,중,중
USER_0793,2019-11-19,42,90,9258.1707,4,3,3,3,4,상,상
USER_0794,2019-11-22,39,61,9531.512,4,3,3,0,0,상,상
USER_0795,2019-05-15,230,96,7336.9647,1,3,3,5,7,중,중
USER_0796,2019-07-14,170,1,92.9,2,1,1,2,3,중,중
USER_0797,2019-06-14,200,22,1768.4088000000002,2,2,2,2,3,중,중
USER_0798,2019-08-19,134,7,326.28099999999995,2,1,1,1,2,중,중
USER_0799,2019-09-01,121,139,15190.465400000001,3,4,4,5,7,중,중
USER_0800,2019-06-16,198,158,14019.0402,2,4,4,6,6,중,중
USER_0801,2019-11-23,38,26,4242.575000000001,4,2,3,0,0,중,중
USER_0802,2019-07-11,173,49,3472.2698,2,3,3,2,3,중,중
USER_0803,2019-07-14,170,3,710.97,2,1,1,2,3,중,중
USER_0804,2019-12-11,20,12,1588.4097000000002,4,1,2,0,0,중,중
USER_0805,2019-11-08,53,42,2998.3781,4,3,3,2,3,상,상
USER_0806,2019-11-14,47,154,15286.4879,4,4,4,6,6,상,상
USER_0807,2019-12-01,30,17,1740.7176000000002,4,2,2,4,3,중,중
USER_0808,2019-01-10,355,12,2584.79,1,1,2,6,6,하,하
USER_0809,2019-09-22,100,10,635.3244,3,1,1,0,1,중,중
USER_0810,2019-08-03,150,13,1072.2718,2,2,2,1,2,중,중
USER_0811,2019-08-08,145,3,131.2682,2,1,1,1,2,중,중
USER_0812,2019-08-30,123,49,3512.3939,3,3,3,2,3,중,중
USER_0813,2019-06-19,195,31,1573.7776000000001,2,2,2,2,3,중,중
USER_0814,2019-08-30,123,20,1126.6367,3,2,2,1,2,중,중
USER_0815,2019-03-27,279,19,2505.3064,1,2,2,4,3,하,하
USER_0816,2019-08-17,136,113,10043.7077,2,3,3,6,6,중,중
USER_0817,2019-06-09,205,20,1559.2178,2,2,2,2,3,중,중
USER_0818,2019-01-29,336,17,2021.5898000000002,1,2,2,6,6,하,하
USER_0819,2019-08-04,149,2,103.58500000000001,2,1,1,4,3,중,중
USER_0820,2019-12-18,13,28,6618.496,4,2,3,6,6,중,중
USER_0821,2019-04-11,264,10,736.3144,1,1,1,2,3,하,하
USER_0822,2019-11-01,60,5,1504.3,3,1,2,2,3,중,중
USER_0823,2019-06-12,202,2,437.21000000000004,2,1,1,2,3,중,중
USER_0824,2019-09-07,115,53,2701.5473,3,3,2,0,1,중,중
USER_0825,2019-04-06,269,30,2815.8891000000003,1,2,3,2,3,중,중
USER_0826,2019-12-07,24,45,6232.4449,4,3,3,1,2,상,상
USER_0827,2019-05-12,233,6,1248.1702,1,1,2,3,4,하,하
USER_0828,2019-12-06,25,23,2335.996,4,2,2,6,6,중,중
USER_0829,2019-11-21,40,48,4119.2425,4,3,3,0,1,상,상
USER_0830,2019-11-25,36,95,8172.803800000001,4,3,3,5,7,상,상
USER_0831,2019-05-24,221,10,1216.2532,1,1,2,2,3,하,하
USER_0832,2019-02-17,317,38,2959.0488,1,3,3,5,7,중,중
USER_0833,2019-12-18,13,174,18187.555200000003,4,4,4,2,3,상,상
USER_0834,2019-04-26,249,40,3586.9043,1,3,3,2,3,중,중
USER_0835,2019-08-25,128,98,7608.3716,3,3,3,2,3,중,중
USER_0836,2019-01-25,340,5,388.3052,1,1,1,6,6,하,하
USER_0837,2019-11-28,33,37,2815.7752,4,3,3,6,6,상,상
USER_0838,2019-08-19,134,5,727.69,2,1,1,1,2,중,중
USER_0839,2019-04-18,257,20,1724.1116,1,2,2,4,3,하,하
USER_0840,2019-01-17,348,14,1934.3953000000001,1,2,2,6,6,하,하
USER_0841,2019-06-20,194,4,144.388,2,1,1,2,3,중,중
USER_0842,2019-08-06,147,12,1061.3774,2,1,2,5,7,중,중
USER_0843,2019-10-28,64,8,671.3772000000001,3,1,1,3,4,중,중
USER_0844,2019-06-26,188,12,2166.6977,2,1,2,2,3,중,중
USER_0845,2019-12-31,0,5,842.9006,4,1,1,0,0,중,중
USER_0846,2019-06-19,195,25,2614.5328,2,2,2,2,3,중,중
USER_0847,2019-10-17,75,1,214.95,3,1,1,0,0,중,중
USER_0848,2019-08-11,142,22,1196.5266000000001,2,2,2,1,2,중,중
USER_0849,2019-04-22,253,10,731.0548,1,1,1,2,3,하,하
USER_0850,2019-12-30,1,207,26572.4392,4,4,4,5,7,상,상
USER_0851,2019-06-28,186,23,1495.2556,2,2,2,2,3,중,중
USER_0852,2019-10-29,63,2,384.85,3,1,1,0,0,중,중
USER_0853,2019-10-14,78,17,2038.8614,3,2,2,0,0,중,중
USER_0854,2019-06-08,206,16,1182.4348,2,2,2,2,3,중,중
USER_0855,2019-07-28,156,17,828.3329,2,2,1,6,6,중,중
USER_0856,2019-11-27,34,29,3615.1620000000003,4,2,3,6,6,중,중
USER_0857,2019-09-24,98,18,1262.9814000000001,3,2,2,0,1,중,중
USER_0858,2019-01-29,336,2,127.148,1,1,1,6,6,하,하
USER_0859,2019-08-26,127,15,803.5286,3,2,1,1,2,중,중
USER_0860,2019-12-10,21,6,609.1882,4,1,1,6,6,중,중
USER_0861,2019-07-20,164,7,196.9257,2,1,1,2,3,중,중
USER_0862,2019-08-01,152,10,2317.6059999999998,2,1,2,1,2,중,중
USER_0863,2019-12-08,23,25,3013.0507000000002,4,2,3,3,4,중,중
USER_0864,2019-07-15,169,54,5057.2177,2,3,3,2,3,중,중
USER_0865,2019-03-23,283,44,4002.0988,1,3,3,4,3,중,중
USER_0866,2019-03-06,300,15,2582.7744,1,2,2,4,3,하,하
USER_0867,2019-01-03,362,63,9469.9238,1,3,3,6,6,중,중
USER_0868,2019-12-04,27,9,1465.0866,4,1,2,0,0,중,중
USER_0869,2019-11-03,58,137,13421.310000000001,3,4,4,5,7,중,중
USER_0870,2019-02-23,311,103,14779.4734,1,3,4,5,7,중,중
USER_0871,2019-12-04,27,31,4112.7301,4,2,3,2,3,중,중
USER_0872,2019-03-13,293,17,2869.7832,1,2,3,4,3,중,중
USER_0873,2019-12-19,12,1,32.4438,4,1,1,0,0,중,중
USER_0874,2019-02-28,306,64,9559.8767,1,3,3,5,7,중,중
USER_0875,2019-02-26,308,38,4097.3185,1,3,3,5,7,중,중
USER_0876,2019-03-22,284,64,5598.5205000000005,1,3,3,4,3,중,중
USER_0877,2019-03-04,302,4,429.106,1,1,1,4,3,하,하
USER_0878,2019-11-08,53,41,5878.4607,4,3,3,0,0,상,상
USER_0879,2019-08-29,124,48,4639.0546,3,3,3,2,3,중,중
USER_0880,2019-03-06,300,49,5485.454,1,3,3,4,3,중,중
USER_0881,2019-01-22,343,12,798.3794,1,1,1,6,6,하,하
USER_0882,2019-01-21,344,21,2498.476,1,2,2,6,6,하,하
USER_0883,2019-09-26,96,5,1496.88,3,1,2,0,1,중,중
USER_0884,2019-12-07,24,18,1282.2384,4,2,2,1,2,중,중
USER_0885,2019-12-10,21,2,21.6612,4,1,1,0,0,중,중
USER_0886,2019-04-16,259,2,594.1981999999999,1,1,1,2,3,하,하
USER_0887,2019-06-06,208,29,2468.7974,2,2,2,2,3,중,중
USER_0888,2019-08-22,131,26,2160.0786000000003,3,2,2,4,3,중,중
USER_0889,2019-01-19,346,19,3005.8964,1,2,3,6,6,중,중
USER_0890,2019-03-22,284,16,2470.2776000000003,1,2,2,4,3,하,하
USER_0891,2019-10-20,72,35,3231.4292,3,3,3,0,0,중,중
USER_0892,2019-12-10,21,4,464.0226,4,1,1,0,0,중,중
USER_0893,2019-07-19,165,5,414.3009,2,1,1,4,3,중,중
USER_0894,2019-12-08,23,4,150.4051,4,1,1,0,0,중,중
USER_0895,2019-05-26,219,81,7317.5011,2,3,3,6,6,중,중
USER_0896,2019-07-22,162,17,848.1612,2,2,1,4,3,중,중
USER_0897,2019-03-04,302,9,330.78479999999996,1,1,1,4,3,하,하
USER_0898,2019-04-09,266,32,1144.1181000000001,1,2,2,2,3,하,하
USER_0899,2019-05-09,236,117,9161.587800000001,1,4,3,3,4,중,중
USER_0900,2019-06-07,207,20,2038.7616,2,2,2,2,3,중,중
USER_0901,2019-05-07,238,24,4359.4116,1,2,3,3,4,중,중
USER_0902,2019-12-09,22,48,5554.5324,4,3,3,2,3,상,상
USER_0903,2019-08-02,151,12,578.965,2,1,1,5,7,중,중
USER_0904,2019-04-06,269,70,7615.7276,1,3,3,4,3,중,중
USER_0905,2019-11-20,41,27,1219.0514,4,2,2,2,3,중,중
USER_0906,2019-12-26,5,52,6298.255,4,3,3,6,6,상,상
USER_0907,2019-12-16,15,29,4127.2465,4,2,3,0,0,중,중
USER_0908,2019-09-14,108,141,10402.1419,3,4,3,5,7,중,중
USER_0909,2019-08-18,135,9,348.9347,2,1,1,1,2,중,중
USER_0910,2019-06-13,201,15,1174.2457,2,2,2,2,3,중,중
USER_0911,2019-08-19,134,6,640.168,2,1,1,6,6,중,중
USER_0912,2019-10-28,64,17,1233.8532,3,2,2,0,0,중,중
USER_0913,2019-01-13,352,7,758.6362,1,1,1,6,6,하,하
USER_0914,2019-09-06,116,49,3341.3433,3,3,3,4,3,중,중
USER_0915,2019-04-27,248,7,713.2986000000001,1,1,1,2,3,하,하
USER_0916,2019-04-15,260,74,8605.614800000001,1,3,3,2,3,중,중
USER_0917,2019-03-29,277,21,2567.9721,1,2,2,4,3,하,하
USER_0918,2019-05-24,221,17,658.3056,1,2,1,3,4,하,하
USER_0919,2019-10-06,86,28,2541.8312,3,2,2,0,0,중,중
USER_0920,2019-03-22,284,8,940.2724000000001,1,1,1,4,3,하,하
USER_0921,2019-08-01,152,2,35.2342,2,1,1,1,2,중,중
USER_0922,2019-01-02,363,12,1014.0002000000001,1,1,1,6,6,하,하
USER_0923,2019-12-24,7,3,851.5175,4,1,1,0,0,중,중
USER_0924,2019-12-09,22,114,13714.5664,4,3,4,0,0,상,상
USER_0925,2019-08-16,137,10,1111.345,2,1,2,2,3,중,중
USER_0926,2019-08-17,136,19,1100.9596999999999,2,2,2,4,3,중,중
USER_0927,2019-11-14,47,16,1063.1226,4,2,2,0,0,중,중
USER_0928,2019-03-26,280,13,1962.0618000000002,1,2,2,4,3,하,하
USER_0929,2019-11-15,46,12,749.291,4,1,1,0,0,중,중
USER_0930,2019-07-11,173,19,2812.7304000000004,2,2,3,2,3,중,중
USER_0931,2019-03-16,290,1,15.784,1,1,1,4,3,하,하
USER_0932,2019-02-07,327,7,1250.1144000000002,1,1,2,5,7,하,하
USER_0933,2019-07-07,177,27,2827.7923000000005,2,2,3,4,3,중,중
USER_0934,2019-08-18,135,38,2892.9433,2,3,3,2,3,중,중
USER_0935,2019-08-01,152,26,2660.6530000000002,2,2,2,6,6,중,중
USER_0936,2019-07-05,179,10,1304.6164,2,1,2,2,3,중,중
USER_0937,2019-12-12,19,18,2186.9355,4,2,2,0,0,중,중
USER_0938,2019-12-10,21,122,11425.938100000001,4,4,4,4,3,상,상
USER_0939,2019-04-20,255,5,168.567,1,1,1,2,3,하,하
USER_0940,2019-10-16,76,8,601.7204,3,1,1,5,7,중,중
USER_0941,2019-01-25,340,20,958.6337,1,2,1,6,6,하,하
USER_0942,2019-12-03,28,36,1803.1796000000002,4,3,2,3,4,중,중
USER_0943,2019-05-22,223,18,1024.5554,1,2,2,3,4,하,하
USER_0944,2019-08-18,135,12,1838.7362,2,1,2,6,6,중,중
USER_0945,2019-09-05,117,25,1970.3116,3,2,2,0,1,중,중
USER_0946,2019-12-15,16,41,3911.5592,4,3,3,6,6,상,상
USER_0947,2019-01-04,361,28,4360.6898,1,2,3,6,6,중,중
USER_0948,2019-03-21,285,12,1362.6080000000002,1,1,2,4,3,하,하
USER_0949,2019-10-26,66,137,13358.4504,3,4,4,0,0,중,중
USER_0950,2019-08-30,123,12,833.5622000000001,3,1,1,2,3,중,중
USER_0951,2019-09-04,118,9,1011.8546,3,1,1,1,2,중,중
USER_0952,2019-07-19,165,70,6410.4537,2,3,3,5,7,중,중
USER_0953,2019-01-20,345,63,6465.5865,1,3,3,6,6,중,중
USER_0954,2019-01-02,363,13,1633.0594,1,2,2,6,6,하,하
USER_0955,2019-04-10,265,21,1906.5124,1,2,2,2,3,하,하
USER_0956,2019-07-17,167,60,5195.1407,2,3,3,2,3,중,중
USER_0957,2019-05-24,221,3,747.3000000000001,1,1,1,3,4,하,하
USER_0958,2019-04-24,251,38,3308.0575000000003,1,3,3,2,3,중,중
USER_0959,2019-07-12,172,53,4413.1305,2,3,3,2,3,중,중
USER_0960,2019-06-20,194,16,867.8517999999999,2,2,1,2,3,중,중
USER_0961,2019-01-13,352,66,7187.7229,1,3,3,6,6,중,중
USER_0962,2019-08-13,140,2,201.83620000000002,2,1,1,1,2,중,중
USER_0963,2019-07-17,167,11,937.481,2,1,1,2,3,중,중
USER_0964,2019-03-24,282,16,866.4635999999999,1,2,1,4,3,하,하
USER_0965,2019-08-15,138,34,1763.3344,2,3,2,1,2,중,중
USER_0966,2019-08-01,152,15,582.385,2,2,1,4,3,중,중
USER_0967,2019-08-27,126,14,347.257,3,2,1,1,2,중,중
USER_0968,2019-07-22,162,21,2722.6258,2,2,2,2,3,중,중
USER_0969,2019-09-27,95,4,310.424,3,1,1,0,1,중,중
USER_0970,2019-11-22,39,43,2367.2639,4,3,2,1,2,중,중
USER_0971,2019-11-17,44,101,10920.7715,4,3,3,5,7,상,상
USER_0972,2019-12-16,15,2,648.7645,4,1,1,0,0,중,중
USER_0973,2019-08-13,140,25,1263.2440000000001,2,2,2,2,3,중,중
USER_0974,2019-08-17,136,8,402.6874,2,1,1,1,2,중,중
USER_0975,2019-12-20,11,13,1051.2513,4,2,2,5,7,중,중
USER_0976,2019-09-04,118,5,102.5149,3,1,1,1,2,중,중
USER_0977,2019-06-09,205,7,608.6126,2,1,1,4,3,중,중
USER_0978,2019-05-06,239,37,1745.4063,1,3,2,3,4,중,중
USER_0979,2019-12-12,19,10,1986.4823000000001,4,1,2,0,0,중,중
USER_0980,2019-04-04,271,21,1062.4224,1,2,2,2,3,하,하
USER_0981,2019-10-02,90,4,57.004599999999996,3,1,1,0,0,중,중
USER_0982,2019-05-06,239,22,1679.1792,1,2,2,5,7,하,하
USER_0983,2019-09-26,96,60,7535.7972,3,3,3,1,2,중,중
USER_0984,2019-09-05,117,14,897.9609,3,2,1,0,1,중,중
USER_0985,2019-02-24,310,56,6820.550700000001,1,3,3,5,7,중,중
USER_0986,2019-11-30,31,10,953.09,4,1,1,0,0,중,중
USER_0987,2019-12-15,16,3,63.0996,4,1,1,0,0,중,중
USER_0988,2019-11-30,31,20,1497.0184000000002,4,2,2,0,0,중,중
USER_0989,2019-11-03,58,48,5732.3272,3,3,3,0,0,중,중
USER_0990,2019-02-23,311,21,1094.2707,1,2,2,5,7,하,하
USER_0991,2019-12-06,25,17,1131.3267,4,2,2,0,0,중,중
USER_0992,2019-12-07,24,54,5413.936,4,3,3,4,3,상,상
USER_0993,2019-07-28,156,1,18.5434,2,1,1,2,3,중,중
USER_0994,2019-05-23,222,45,5256.7131,1,3,3,3,4,중,중
USER_0995,2019-05-21,224,30,2053.8882,1,2,2,5,7,하,하
USER_0996,2019-12-28,3,62,9726.746000000001,4,3,3,6,6,상,상
USER_0997,2019-05-24,221,10,659.018,1,1,1,3,4,하,하
USER_0998,2019-06-14,200,40,3037.1552,2,3,3,2,3,중,중
USER_0999,2019-08-02,151,8,482.0766,2,1,1,1,2,중,중
USER_1000,2019-10-11,81,59,5409.307,3,3,3,5,7,중,중
USER_1001,2019-08-30,123,6,154.408,3,1,1,1,2,중,중
USER_1002,2019-11-05,56,40,5788.9408,3,3,3,0,0,중,중
USER_1003,2019-10-27,65,27,3502.105,3,2,3,1,2,중,중
USER_1004,2019-06-01,213,22,2288.827,2,2,2,2,3,중,중
USER_1005,2019-08-26,127,1,17.328,3,1,1,1,2,중,중
USER_1006,2019-08-28,125,53,5354.2947,3,3,3,3,4,중,중
USER_1007,2019-01-24,341,13,2370.0022,1,2,2,6,6,하,하
USER_1008,2019-12-07,24,31,2991.2172,4,2,3,0,0,중,중
USER_1009,2019-04-18,257,5,114.88919999999999,1,1,1,2,3,하,하
USER_1010,2019-04-16,259,60,8681.690900000001,1,3,3,2,3,중,중
USER_1011,2019-11-18,43,26,2267.9244,4,2,2,0,0,중,중
USER_1012,2019-12-29,2,39,4171.2496,4,3,3,4,3,상,상
USER_1013,2019-10-23,69,14,1595.3036,3,2,2,3,4,중,중
USER_1014,2019-07-21,163,1,18.39,2,1,1,2,3,중,중
USER_1015,2019-06-20,194,29,3331.5342,2,2,3,6,6,중,중
USER_1016,2019-01-29,336,12,1855.1942000000001,1,1,2,6,6,하,하
USER_1017,2019-08-10,143,33,1982.3246,2,2,2,1,2,중,중
USER_1018,2019-03-14,292,51,4273.1787,1,3,3,4,3,중,중
USER_1019,2019-08-02,151,11,773.1398,2,1,1,1,2,중,중
USER_1020,2019-01-07,358,5,529.9908,1,1,1,6,6,하,하
USER_1021,2019-05-31,214,13,2611.7272,2,2,2,2,3,중,중
USER_1022,2019-08-23,130,2,598.1178,3,1,1,1,2,중,중
USER_1023,2019-05-30,215,16,1694.282,2,2,2,3,4,중,중
USER_1024,2019-10-12,80,64,4386.3029,3,3,3,4,3,중,중
USER_1025,2019-06-19,195,21,2733.0246,2,2,2,2,3,중,중
USER_1026,2019-05-01,244,3,109.064,1,1,1,3,4,하,하
USER_1027,2019-08-01,152,26,2537.165,2,2,2,1,2,중,중
USER_1028,2019-12-04,27,18,2186.7474,4,2,2,3,4,중,중
USER_1029,2019-04-19,256,1,280.731,1,1,1,2,3,하,하
USER_1030,2019-01-05,360,14,2240.4558,1,2,2,6,6,하,하
USER_1031,2019-09-05,117,1,8.249,3,1,1,0,1,중,중
USER_1032,2019-04-10,265,6,102.02080000000001,1,1,1,2,3,하,하
USER_1033,2019-07-21,163,8,385.7828,2,1,1,2,3,중,중
USER_1034,2019-06-28,186,9,1035.6752,2,1,2,2,3,중,중
USER_1035,2019-12-05,26,18,3468.8735,4,2,3,0,0,중,중
USER_1036,2019-10-03,89,34,5063.0213,3,3,3,0,0,중,중
USER_1037,2019-01-30,335,8,1216.5900000000001,1,1,2,6,6,하,하
USER_1038,2019-09-02,120,12,399.4878,3,1,1,4,3,중,중
USER_1039,2019-03-16,290,9,813.4316,1,1,1,4,3,하,하
USER_1040,2019-08-22,131,39,2760.1946000000003,3,3,2,1,2,중,중
USER_1041,2019-11-03,58,11,196.2392,3,1,1,2,3,중,중
USER_1042,2019-03-14,292,8,1131.9846,1,1,2,4,3,하,하
USER_1043,2019-10-14,78,4,44.940200000000004,3,1,1,0,0,중,중
USER_1044,2019-05-10,235,9,1180.9688,1,1,2,3,4,하,하
USER_1045,2019-09-14,108,52,4306.056500000001,3,3,3,2,3,중,중
USER_1046,2019-07-28,156,29,1054.7691,2,2,2,2,3,중,중
USER_1047,2019-04-05,270,3,111.009,1,1,1,2,3,하,하
USER_1048,2019-12-17,14,57,6650.1983,4,3,3,2,3,상,상
USER_1049,2019-07-04,180,87,9512.5617,2,3,3,2,3,중,중
USER_1050,2019-11-09,52,52,4827.5396,4,3,3,2,3,상,상
USER_1051,2019-08-22,131,19,975.5571,3,2,1,3,4,중,중
USER_1052,2019-12-08,23,60,3871.8410000000003,4,3,3,2,3,상,상
USER_1053,2019-05-31,214,75,5549.2433,2,3,3,4,3,중,중
USER_1054,2019-06-27,187,1,21.3282,2,1,1,2,3,중,중
USER_1055,2019-07-07,177,105,9106.7161,2,3,3,4,3,중,중
USER_1056,2019-11-01,60,92,11299.4714,3,3,4,0,0,중,중
USER_1057,2019-12-10,21,1,64.2256,4,1,1,0,0,중,중
USER_1058,2019-12-13,18,18,1355.8275,4,2,2,2,3,중,중
USER_1059,2019-02-22,312,45,5243.106000000001,1,3,3,5,7,중,중
USER_1060,2019-07-21,163,59,6657.2983,2,3,3,4,3,중,중
USER_1061,2019-05-24,221,42,2890.0877,1,3,3,4,3,중,중
USER_1062,2019-12-26,5,131,12005.526100000001,4,4,4,5,7,상,상
USER_1063,2019-05-16,229,20,910.0432000000001,1,2,1,3,4,하,하
USER_1064,2019-04-30,245,46,4255.3629,1,3,3,2,3,중,중
USER_1065,2019-10-16,76,14,3447.5478000000003,3,2,3,0,0,중,중
USER_1066,2019-08-10,143,46,3175.2802,2,3,3,1,2,중,중
USER_1067,2019-06-15,199,29,1924.9489,2,2,2,2,3,중,중
USER_1068,2019-12-30,1,58,6421.2226,4,3,3,0,0,상,상
USER_1069,2019-09-05,117,47,3734.0296000000003,3,3,3,2,3,중,중
USER_1070,2019-12-19,12,18,1500.173,4,2,2,1,2,중,중
USER_1071,2019-01-21,344,9,1127.1276,1,1,2,6,6,하,하
USER_1072,2019-01-30,335,2,164.5906,1,1,1,6,6,하,하
USER_1073,2019-11-17,44,16,1931.8514,4,2,2,0,0,중,중
USER_1074,2019-10-20,72,7,1011.7326,3,1,1,0,0,중,중
USER_1075,2019-11-10,51,47,5336.9798,4,3,3,0,0,상,상
USER_1076,2019-11-24,37,67,10609.5933,4,3,3,6,6,상,상
USER_1077,2019-12-13,18,105,12961.2918,4,3,4,2,3,상,상
USER_1078,2019-08-29,124,30,3322.8374000000003,3,2,3,4,3,중,중
USER_1079,2019-12-10,21,75,6697.4485,4,3,3,4,3,상,상
USER_1080,2019-04-19,256,19,2337.823,1,2,2,6,6,하,하
USER_1081,2019-11-06,55,118,11257.7723,4,4,4,4,3,상,상
USER_1082,2019-08-21,132,52,3149.4436,2,3,3,1,2,중,중
USER_1083,2019-04-18,257,66,5741.4821,1,3,3,2,3,중,중
USER_1084,2019-05-31,214,55,4423.6899,2,3,3,3,4,중,중
USER_1085,2019-05-23,222,1,42.993,1,1,1,3,4,하,하
USER_1086,2019-05-26,219,15,2182.3694,2,2,2,3,4,중,중
USER_1087,2019-12-16,15,91,8312.9073,4,3,3,5,7,상,상
USER_1088,2019-11-26,35,20,3206.2904,4,2,3,2,3,중,중
USER_1089,2019-06-02,212,19,2065.7622,2,2,2,4,3,중,중
USER_1090,2019-08-10,143,17,972.3474,2,2,1,1,2,중,중
USER_1091,2019-01-16,349,5,301.38660000000004,1,1,1,6,6,하,하
USER_1092,2019-11-27,34,26,1990.4295,4,2,2,5,7,중,중
USER_1093,2019-09-07,115,18,1217.177,3,2,2,0,1,중,중
USER_1094,2019-08-14,139,19,1756.8303,2,2,2,1,2,중,중
USER_1095,2019-04-07,268,13,694.9298,1,2,1,4,3,하,하
USER_1096,2019-03-16,290,2,43.722,1,1,1,4,3,하,하
USER_1097,2019-05-22,223,10,1420.413,1,1,2,4,3,하,하
USER_1098,2019-07-09,175,70,3879.2455,2,3,3,3,4,중,중
USER_1099,2019-08-17,136,27,2508.0868,2,2,2,2,3,중,중
USER_1100,2019-11-04,57,1,267.8,3,1,1,0,0,중,중
USER_1101,2019-02-01,333,17,2666.1420000000003,1,2,2,5,7,하,하
USER_1102,2019-06-29,185,29,3891.8035,2,2,3,2,3,중,중
USER_1103,2019-08-02,151,46,3327.6621,2,3,3,1,2,중,중
USER_1104,2019-02-02,332,69,9424.226,1,3,3,5,7,중,중
USER_1105,2019-09-28,94,1,61.9508,3,1,1,0,1,중,중
USER_1106,2019-03-30,276,45,4534.9888,1,3,3,4,3,중,중
USER_1107,2019-11-22,39,30,4246.3444,4,2,3,0,0,중,중
USER_1108,2019-04-18,257,33,3911.7361,1,2,3,4,3,중,중
USER_1109,2019-05-30,215,16,971.855,2,2,1,3,4,중,중
USER_1110,2019-09-21,101,76,7512.0976,3,3,3,4,3,중,중
USER_1111,2019-02-01,333,10,1233.2168000000001,1,1,2,5,7,하,하
USER_1112,2019-04-20,255,34,4189.6073,1,3,3,2,3,중,중
USER_1113,2019-09-30,92,13,1242.6622000000002,3,2,2,0,1,중,중
USER_1114,2019-01-23,342,50,3821.2196000000004,1,3,3,6,6,중,중
USER_1115,2019-11-04,57,31,2983.5564,3,2,3,0,0,중,중
USER_1116,2019-05-31,214,64,7878.653300000001,2,3,3,4,3,중,중
USER_1117,2019-11-22,39,123,16193.4099,4,4,4,3,4,상,상
USER_1118,2019-02-04,330,14,670.2090000000001,1,2,1,5,7,하,하
USER_1119,2019-05-15,230,2,42.5342,1,1,1,3,4,하,하
USER_1120,2019-10-03,89,11,1751.575,3,1,2,6,6,중,중
USER_1121,2019-10-07,85,128,12386.3038,3,4,4,5,7,중,중
USER_1122,2019-12-21,10,14,2436.2475,4,2,2,0,0,중,중
USER_1123,2019-10-26,66,21,1680.7236,3,2,2,0,0,중,중
USER_1124,2019-06-22,192,19,1578.3158,2,2,2,2,3,중,중
USER_1125,2019-09-15,107,5,769.693,3,1,1,0,1,중,중
USER_1126,2019-11-08,53,5,931.9382,4,1,1,0,0,중,중
USER_1127,2019-03-24,282,3,187.8,1,1,1,4,3,하,하
USER_1128,2019-06-03,211,12,507.4264,2,1,1,2,3,중,중
USER_1129,2019-08-06,147,16,1500.5669,2,2,2,6,6,중,중
USER_1130,2019-10-11,81,23,1402.055,3,2,2,5,7,중,중
USER_1131,2019-12-12,19,32,3700.3154000000004,4,2,3,2,3,중,중
USER_1132,2019-12-14,17,2,64.3732,4,1,1,0,0,중,중
USER_1133,2019-01-30,335,1,27.1854,1,1,1,6,6,하,하
USER_1134,2019-07-13,171,6,397.3014,2,1,1,2,3,중,중
USER_1135,2019-12-19,12,8,846.8848,4,1,1,0,1,중,중
USER_1136,2019-10-17,75,32,2000.6662,3,2,2,2,3,중,중
USER_1137,2019-07-12,172,13,1491.7942,2,2,2,2,3,중,중
USER_1138,2019-06-01,213,75,8522.3038,2,3,3,6,6,중,중
USER_1139,2019-09-14,108,6,753.8686,3,1,1,0,1,중,중
USER_1140,2019-08-27,126,89,8411.2414,3,3,3,4,3,중,중
USER_1141,2019-01-14,351,5,1260.287,1,1,2,6,6,하,하
USER_1142,2019-02-20,314,3,173.7404,1,1,1,5,7,하,하
USER_1143,2019-11-01,60,43,3997.8246,3,3,3,0,0,중,중
USER_1144,2019-06-07,207,8,506.9542,2,1,1,2,3,중,중
USER_1145,2019-12-07,24,18,1969.717,4,2,2,0,0,중,중
USER_1146,2019-05-24,221,18,815.8307,1,2,1,3,4,하,하
USER_1147,2019-06-12,202,3,73.4246,2,1,1,2,3,중,중
USER_1148,2019-10-05,87,16,1393.7389,3,2,2,1,2,중,중
USER_1149,2019-02-18,316,117,10455.121500000001,1,4,3,5,7,중,중
USER_1150,2019-11-22,39,71,7294.9022,4,3,3,5,7,상,상
USER_1151,2019-09-07,115,22,3289.2148,3,2,3,0,1,중,중
USER_1152,2019-11-29,32,68,6779.435100000001,4,3,3,4,3,상,상
USER_1153,2019-07-14,170,30,2768.1996,2,2,2,6,6,중,중
USER_1154,2019-12-15,16,17,1516.4122000000002,4,2,2,0,0,중,중
USER_1155,2019-10-31,61,18,471.0086,3,2,1,0,0,중,중
USER_1156,2019-04-23,252,7,1224.4586000000002,1,1,2,2,3,하,하
USER_1157,2019-10-27,65,24,572.6602,3,2,1,0,0,중,중
USER_1158,2019-07-06,178,85,5710.1511,2,3,3,3,4,중,중
USER_1159,2019-07-08,176,2,114.93620000000001,2,1,1,2,3,중,중
USER_1160,2019-10-23,69,53,4372.9563,3,3,3,4,3,중,중
USER_1161,2019-10-27,65,14,1308.8318000000002,3,2,2,0,0,중,중
USER_1162,2019-08-22,131,17,841.8842000000001,3,2,1,1,2,중,중
USER_1163,2019-09-23,99,63,6935.531,3,3,3,2,3,중,중
USER_1164,2019-12-30,1,38,5647.8912,4,3,3,0,0,상,상
USER_1165,2019-08-08,145,29,3155.0159,2,2,3,1,2,중,중
USER_1166,2019-10-30,62,9,1161.8062,3,1,2,0,0,중,중
USER_1167,2019-05-05,240,60,4514.8619,1,3,3,3,4,중,중
USER_1168,2019-08-09,144,14,1119.3218,2,2,2,1,2,중,중
USER_1169,2019-01-31,334,9,1625.3168,1,1,2,6,6,하,하
USER_1170,2019-06-15,199,16,2629.1608,2,2,2,2,3,중,중
USER_1171,2019-12-04,27,18,1058.2546,4,2,2,0,0,중,중
USER_1172,2019-05-29,216,25,2430.4054,2,2,2,3,4,중,중
USER_1173,2019-05-17,228,20,2224.1452,1,2,2,3,4,하,하
USER_1174,2019-11-16,45,54,6091.832,4,3,3,0,0,상,상
USER_1175,2019-01-07,358,2,374.2782,1,1,1,6,6,하,하
USER_1176,2019-11-20,41,37,3933.3428000000004,4,3,3,3,4,상,상
USER_1177,2019-06-12,202,37,4174.5754,2,3,3,2,3,중,중
USER_1178,2019-03-16,290,71,8556.287900000001,1,3,3,4,3,중,중
USER_1179,2019-05-25,220,28,1765.5664,2,2,2,3,4,중,중
USER_1180,2019-04-17,258,76,10338.690700000001,1,3,3,5,7,중,중
USER_1181,2019-07-06,178,3,399.70000000000005,2,1,1,2,3,중,중
USER_1182,2019-07-12,172,75,5668.0245,2,3,3,5,7,중,중
USER_1183,2019-11-11,50,53,4270.2093,4,3,3,2,3,상,상
USER_1184,2019-12-19,12,27,2215.3718,4,2,2,2,3,중,중
USER_1185,2019-08-11,142,119,9344.264000000001,2,4,3,4,3,중,중
USER_1186,2019-11-28,33,69,8739.2335,4,3,3,3,4,상,상
USER_1187,2019-12-14,17,46,5970.2003,4,3,3,4,3,상,상
USER_1188,2019-12-22,9,21,2667.9961,4,2,2,0,0,중,중
USER_1189,2019-03-05,301,10,340.9597,1,1,1,4,3,하,하
USER_1190,2019-12-06,25,48,4647.0599,4,3,3,6,6,상,상
USER_1191,2019-12-12,19,60,7191.5661,4,3,3,2,3,상,상
USER_1192,2019-09-26,96,85,8394.1455,3,3,3,3,4,중,중
USER_1193,2019-01-23,342,10,2080.431,1,1,2,6,6,하,하
USER_1194,2019-10-23,69,33,2902.5084,3,2,3,3,4,중,중
USER_1195,2019-10-04,88,86,11446.7296,3,3,4,5,7,중,중
USER_1196,2019-11-27,34,16,2990.8958000000002,4,2,3,2,3,중,중
USER_1197,2019-10-05,87,64,6984.2653,3,3,3,5,7,중,중
USER_1198,2019-05-03,242,39,2372.3046,1,3,2,3,4,중,중
USER_1199,2019-12-01,30,12,1132.5612,4,1,2,0,0,중,중
USER_1200,2019-03-11,295,87,6879.4089,1,3,3,4,3,중,중
USER_1201,2019-04-05,270,2,23.527,1,1,1,2,3,하,하
USER_1202,2019-10-03,89,51,3536.1953,3,3,3,0,0,중,중
USER_1203,2019-08-05,148,131,7749.6912,2,4,3,1,2,중,중
USER_1204,2019-03-21,285,22,2422.8214,1,2,2,6,6,하,하
USER_1205,2019-09-11,111,12,1618.7388,3,1,2,2,3,중,중
USER_1206,2019-12-24,7,1,139.93,4,1,1,0,0,중,중
USER_1207,2019-12-27,4,25,2645.5687000000003,4,2,2,3,4,중,중
USER_1208,2019-05-16,229,53,3224.6336,1,3,3,3,4,중,중
USER_1209,2019-11-03,58,9,229.7416,3,1,1,2,3,중,중
USER_1210,2019-04-19,256,1,28.6442,1,1,1,2,3,하,하
USER_1211,2019-11-07,54,24,4338.5582,4,2,3,0,0,중,중
USER_1212,2019-12-04,27,26,4082.0038,4,2,3,0,0,중,중
USER_1213,2019-12-26,5,85,9933.1288,4,3,3,2,3,상,상
USER_1214,2019-03-18,288,22,2041.9312000000002,1,2,2,4,3,하,하
USER_1215,2019-08-22,131,17,1911.4845,3,2,2,2,3,중,중
USER_1216,2019-11-21,40,16,2940.0856,4,2,3,0,0,중,중
USER_1217,2019-12-20,11,10,1856.1292,4,1,2,0,0,중,중
USER_1218,2019-12-15,16,253,30089.7013,4,4,4,0,0,상,상
USER_1219,2019-08-24,129,122,8246.170100000001,3,4,3,3,4,중,중
USER_1220,2019-04-18,257,4,50.432,1,1,1,2,3,하,하
USER_1221,2019-07-11,173,137,12404.043800000001,2,4,4,2,3,중,중
USER_1222,2019-04-03,272,161,13841.222600000001,1,4,4,2,3,중,중
USER_1223,2019-07-05,179,17,1321.6938,2,2,2,2,3,중,중
USER_1224,2019-06-05,209,47,3815.9222,2,3,3,6,6,중,중
USER_1225,2019-12-05,26,19,2200.6264,4,2,2,0,0,중,중
USER_1226,2019-07-03,181,42,5483.905000000001,2,3,3,2,3,중,중
USER_1227,2019-12-16,15,12,1085.009,4,1,2,0,0,중,중
USER_1228,2019-09-30,92,52,2547.8702000000003,3,3,2,1,2,중,중
USER_1229,2019-08-18,135,79,5371.4130000000005,2,3,3,1,2,중,중
USER_1230,2019-10-27,65,42,3241.39,3,3,3,2,3,중,중
USER_1231,2019-05-19,226,8,1498.8208000000002,1,1,2,3,4,하,하
USER_1232,2019-11-03,58,94,9059.497000000001,3,3,3,3,4,중,중
USER_1233,2019-11-28,33,17,2368.5562,4,2,2,0,0,중,중
USER_1234,2019-12-03,28,43,4825.1935,4,3,3,3,4,상,상
USER_1235,2019-12-09,22,13,727.837,4,2,1,0,0,중,중
USER_1236,2019-06-29,185,45,4757.3194,2,3,3,6,6,중,중
USER_1237,2019-12-22,9,18,2466.3439000000003,4,2,2,6,6,중,중
USER_1238,2019-12-03,28,17,2952.105,4,2,3,2,3,중,중
USER_1239,2019-12-28,3,61,7779.0735,4,3,3,2,3,상,상
USER_1240,2019-01-31,334,3,46.0146,1,1,1,6,6,하,하
USER_1241,2019-07-13,171,35,2704.5653,2,3,2,2,3,중,중
USER_1242,2019-09-02,120,27,2644.1019,3,2,2,5,7,중,중
USER_1243,2019-11-17,44,48,5156.8754,4,3,3,3,4,상,상
USER_1244,2019-08-28,125,116,8960.2606,3,4,3,4,3,중,중
USER_1245,2019-04-13,262,2,199.78520000000003,1,1,1,2,3,하,하
USER_1246,2019-06-22,192,21,2543.409,2,2,2,6,6,중,중
USER_1247,2019-09-27,95,12,1248.8006,3,1,2,0,1,중,중
USER_1248,2019-09-20,102,37,2687.4088,3,3,2,4,3,중,중
USER_1249,2019-01-02,363,7,650.5532000000001,1,1,1,6,6,하,하
USER_1250,2019-08-17,136,50,2801.1609,2,3,3,4,3,중,중
USER_1251,2019-04-15,260,5,1449.0000000000002,1,1,2,2,3,하,하
USER_1252,2019-11-25,36,43,7568.0554,4,3,3,0,0,상,상
USER_1253,2019-04-19,256,1,275.42100000000005,1,1,1,2,3,하,하
USER_1254,2019-12-13,18,5,935.1495000000001,4,1,1,0,0,중,중
USER_1255,2019-06-05,209,72,7449.7213,2,3,3,2,3,중,중
USER_1256,2019-08-17,136,74,3612.321,2,3,3,4,3,중,중
USER_1257,2019-06-04,210,9,1217.2521000000002,2,1,2,2,3,중,중
USER_1258,2019-04-19,256,17,1084.4285000000002,1,2,2,2,3,하,하
USER_1259,2019-12-20,11,8,946.9752000000001,4,1,1,2,3,중,중
USER_1260,2019-10-26,66,8,594.7898,3,1,1,6,6,중,중
USER_1261,2019-11-26,35,94,11817.877400000001,4,3,4,0,0,상,상
USER_1262,2019-03-19,287,11,1401.5352,1,1,2,4,3,하,하
USER_1263,2019-09-15,107,13,410.9746,3,2,1,4,3,중,중
USER_1264,2019-06-12,202,10,353.10130000000004,2,1,1,2,3,중,중
USER_1265,2019-10-01,91,27,2509.5370000000003,3,2,2,0,0,중,중
USER_1266,2019-12-20,11,45,6660.067300000001,4,3,3,0,0,상,상
USER_1267,2019-12-10,21,213,21633.8979,4,4,4,6,6,상,상
USER_1268,2019-10-26,66,31,3127.1722,3,2,3,0,0,중,중
USER_1269,2019-12-22,9,11,1184.8039,4,1,2,0,0,중,중
USER_1270,2019-05-22,223,19,2101.891,1,2,2,4,3,하,하
USER_1271,2019-05-17,228,6,318.01439999999997,1,1,1,3,4,하,하
USER_1272,2019-06-06,208,9,484.51390000000004,2,1,1,2,3,중,중
USER_1273,2019-05-23,222,7,634.5114,1,1,1,2,3,하,하
USER_1274,2019-04-22,253,64,5158.97,1,3,3,2,3,중,중
USER_1275,2019-11-12,49,8,417.155,4,1,1,0,0,중,중
USER_1276,2019-01-25,340,2,190.8366,1,1,1,6,6,하,하
USER_1277,2019-01-03,362,7,666.3266000000001,1,1,1,6,6,하,하
USER_1278,2019-06-09,205,43,3214.2758000000003,2,3,3,2,3,중,중
USER_1279,2019-01-31,334,13,1375.4506000000001,1,2,2,6,6,하,하
USER_1280,2019-08-09,144,49,4521.4725,2,3,3,1,2,중,중
USER_1281,2019-12-12,19,4,249.3263,4,1,1,0,0,중,중
USER_1282,2019-01-26,339,27,2847.7023,1,2,3,6,6,중,중
USER_1283,2019-08-21,132,29,2119.8050000000003,2,2,2,1,2,중,중
USER_1284,2019-01-09,356,4,477.862,1,1,1,6,6,하,하
USER_1285,2019-09-19,103,43,6750.4174,3,3,3,2,3,중,중
USER_1286,2019-11-30,31,44,5461.9734,4,3,3,2,3,상,상
USER_1287,2019-08-31,122,65,6117.612,3,3,3,6,6,중,중
USER_1288,2019-07-24,160,28,3743.4741,2,2,3,2,3,중,중
USER_1289,2019-11-03,58,98,6796.0683,3,3,3,4,3,중,중
USER_1290,2019-07-13,171,26,1013.1001,2,2,1,2,3,중,중
USER_1291,2019-03-08,298,60,5699.3403,1,3,3,4,3,중,중
USER_1292,2019-09-25,97,103,13700.7121,3,3,4,0,1,중,중
USER_1293,2019-12-02,29,27,4441.3793000000005,4,2,3,0,0,중,중
USER_1294,2019-09-07,115,99,7050.0428,3,3,3,0,1,중,중
USER_1295,2019-10-09,83,192,19467.885000000002,3,4,4,3,4,중,중
USER_1296,2019-03-19,287,1,137.4,1,1,1,4,3,하,하
USER_1297,2019-05-11,234,53,3058.5991,1,3,3,3,4,중,중
USER_1298,2019-12-01,30,77,7162.002100000001,4,3,3,0,0,상,상
USER_1299,2019-11-29,32,15,2750.0416000000005,4,2,2,2,3,중,중
USER_1300,2019-08-17,136,12,1453.279,2,1,2,2,3,중,중
USER_1301,2019-06-12,202,1,24.8682,2,1,1,2,3,중,중
USER_1302,2019-07-28,156,73,4234.3422,2,3,3,2,3,중,중
USER_1303,2019-01-12,353,8,693.6528,1,1,1,6,6,하,하
USER_1304,2019-10-05,87,1,22.0362,3,1,1,0,0,중,중
USER_1305,2019-04-18,257,9,1084.3954,1,1,2,2,3,하,하
USER_1306,2019-06-20,194,11,345.676,2,1,1,2,3,중,중
USER_1307,2019-06-21,193,16,991.0612,2,2,1,6,6,중,중
USER_1308,2019-04-18,257,17,469.377,1,2,1,2,3,하,하
USER_1309,2019-12-18,13,41,5663.7567,4,3,3,0,0,상,상
USER_1310,2019-10-11,81,44,8643.8758,3,3,3,0,0,중,중
USER_1311,2019-03-04,302,11,523.8123,1,1,1,4,3,하,하
USER_1312,2019-12-04,27,61,6085.5594,4,3,3,4,3,상,상
USER_1313,2019-04-05,270,15,1521.3832,1,2,2,2,3,하,하
USER_1314,2019-10-23,69,44,3838.6996000000004,3,3,3,4,3,중,중
USER_1315,2019-03-13,293,18,1616.0811,1,2,2,4,3,하,하
USER_1316,2019-12-27,4,41,3977.5631000000003,4,3,3,6,6,상,상
USER_1317,2019-09-11,111,75,7598.197,3,3,3,6,6,중,중
USER_1318,2019-06-21,193,19,742.6537999999999,2,2,1,4,3,중,중
USER_1319,2019-06-08,206,25,3255.7346000000002,2,2,3,2,3,중,중
USER_1320,2019-08-01,152,8,1404.9136,2,1,2,2,3,중,중
USER_1321,2019-04-19,256,3,61.6214,1,1,1,2,3,하,하
USER_1322,2019-04-17,258,5,654.287,1,1,1,2,3,하,하
USER_1323,2019-03-29,277,28,2820.9673000000003,1,2,3,4,3,중,중
USER_1324,2019-08-04,149,3,45.9074,2,1,1,1,2,중,중
USER_1325,2019-09-20,102,26,3571.2268,3,2,3,0,1,중,중
USER_1326,2019-10-05,87,10,623.6704,3,1,1,0,0,중,중
USER_1327,2019-03-20,286,1,64.3082,1,1,1,4,3,하,하
USER_1328,2019-11-03,58,80,7322.6001,3,3,3,2,3,중,중
USER_1329,2019-10-23,69,18,1466.1594,3,2,2,0,1,중,중
USER_1330,2019-01-17,348,18,2253.8258,1,2,2,6,6,하,하
USER_1331,2019-10-30,62,56,6937.3908,3,3,3,4,3,중,중
USER_1332,2019-08-16,137,12,876.7989,2,1,1,3,4,중,중
USER_1333,2019-08-17,136,13,1372.9074,2,2,2,1,2,중,중
USER_1334,2019-09-30,92,50,2250.8944,3,3,2,2,3,중,중
USER_1335,2019-06-12,202,1,179.8,2,1,1,2,3,중,중
USER_1336,2019-11-14,47,123,10446.8624,4,4,3,6,6,상,상
USER_1337,2019-01-13,352,9,1048.2788,1,1,2,6,6,하,하
USER_1338,2019-10-06,86,34,4705.9846,3,3,3,0,0,중,중
USER_1339,2019-09-28,94,22,2527.3088,3,2,2,0,1,중,중
USER_1340,2019-11-02,59,28,2490.7224,3,2,2,0,0,중,중
USER_1341,2019-09-27,95,78,7149.8743,3,3,3,5,7,중,중
USER_1342,2019-06-25,189,24,2305.1893,2,2,2,2,3,중,중
USER_1343,2019-11-23,38,78,11242.8092,4,3,3,5,7,상,상
USER_1344,2019-10-14,78,119,11076.8734,3,4,3,3,4,중,중
USER_1345,2019-08-10,143,12,711.7610999999999,2,1,1,1,2,중,중
USER_1346,2019-01-24,341,12,970.1262,1,1,1,6,6,하,하
USER_1347,2019-02-04,330,15,1016.422,1,2,2,6,6,하,하
USER_1348,2019-12-11,20,120,14982.762,4,4,4,1,2,상,상
USER_1349,2019-03-18,288,33,2251.1878,1,2,2,4,3,하,하
USER_1350,2019-04-18,257,10,2227.9193,1,1,2,2,3,하,하
USER_1351,2019-05-08,237,14,1526.2898,1,2,2,5,7,하,하
USER_1352,2019-06-12,202,3,461.87019999999995,2,1,1,2,3,중,중
USER_1353,2019-04-26,249,112,8885.495,1,3,3,2,3,중,중
USER_1354,2019-04-20,255,43,5292.5862,1,3,3,6,6,중,중
USER_1355,2019-12-14,17,570,57571.2177,4,4,4,6,6,상,상
USER_1356,2019-12-15,16,13,300.7434,4,2,1,2,3,중,중
USER_1357,2019-08-14,139,6,286.1364,2,1,1,1,2,중,중
USER_1358,2019-01-26,339,290,33944.8971,1,4,4,6,6,중,중
USER_1359,2019-01-17,348,17,1732.9782,1,2,2,6,6,하,하
USER_1360,2019-06-20,194,5,641.6877,2,1,1,2,3,중,중
USER_1361,2019-10-10,82,34,4599.7118,3,3,3,5,7,중,중
USER_1362,2019-03-09,297,58,4105.571,1,3,3,4,3,중,중
USER_1363,2019-10-13,79,8,1009.2624000000001,3,1,1,0,0,중,중
USER_1364,2019-09-27,95,11,1193.3916,3,1,2,0,1,중,중
USER_1365,2019-12-11,20,48,4627.224,4,3,3,5,7,상,상
USER_1366,2019-06-28,186,42,5811.7568,2,3,3,3,4,중,중
USER_1367,2019-03-19,287,16,950.4972,1,2,1,4,3,하,하
USER_1368,2019-03-27,279,1,53.5882,1,1,1,4,3,하,하
USER_1369,2019-01-12,353,9,1385.2544,1,1,2,6,6,하,하
USER_1370,2019-04-24,251,26,2217.9284000000002,1,2,2,2,3,하,하
USER_1371,2019-12-05,26,92,9962.7542,4,3,3,5,7,상,상
USER_1372,2019-10-31,61,18,1122.0056,3,2,2,2,3,중,중
USER_1373,2019-10-05,87,12,1247.723,3,1,2,0,0,중,중
USER_1374,2019-10-02,90,93,8285.1995,3,3,3,3,4,중,중
USER_1375,2019-11-30,31,115,11987.3407,4,4,4,2,3,상,상
USER_1376,2019-03-26,280,73,7287.5888,1,3,3,6,6,중,중
USER_1377,2019-07-14,170,28,2038.8467,2,2,2,6,6,중,중
USER_1378,2019-01-04,361,58,6543.1034,1,3,3,6,6,중,중
USER_1379,2019-12-13,18,40,2372.0658,4,3,2,2,3,중,중
USER_1380,2019-06-30,184,31,1362.7392,2,2,2,2,3,중,중
USER_1381,2019-05-07,238,29,3206.5054,1,2,3,3,4,중,중
USER_1382,2019-11-21,40,105,13440.034300000001,4,3,4,6,6,상,상
USER_1383,2019-07-07,177,5,313.4839,2,1,1,6,6,중,중
USER_1384,2019-01-17,348,1,29.6162,1,1,1,6,6,하,하
USER_1385,2019-12-21,10,2,313.49800000000005,4,1,1,0,0,중,중
USER_1386,2019-05-18,227,18,1242.4542000000001,1,2,2,3,4,하,하
USER_1387,2019-07-26,158,2,83.56660000000001,2,1,1,5,7,중,중
USER_1388,2019-04-19,256,37,3590.3714000000004,1,3,3,2,3,중,중
USER_1389,2019-07-08,176,10,1014.539,2,1,1,6,6,중,중
USER_1390,2019-09-03,119,81,5874.416200000001,3,3,3,5,7,중,중
USER_1391,2019-12-13,18,75,4918.9547,4,3,3,6,6,상,상
USER_1392,2019-01-23,342,35,5191.7704,1,3,3,6,6,중,중
USER_1393,2019-11-19,42,92,5900.8649000000005,4,3,3,4,3,상,상
USER_1394,2019-02-01,333,48,5546.4484,1,3,3,5,7,중,중
USER_1395,2019-01-06,359,84,9287.9665,1,3,3,6,6,중,중
USER_1396,2019-05-19,226,7,172.2696,1,1,1,3,4,하,하
USER_1397,2019-12-12,19,86,6882.0633,4,3,3,4,3,상,상
USER_1398,2019-01-24,341,65,6442.0524000000005,1,3,3,6,6,중,중
USER_1399,2019-04-17,258,12,680.7491,1,1,1,2,3,하,하
USER_1400,2019-06-11,203,15,828.763,2,2,1,2,3,중,중
USER_1401,2019-09-11,111,12,1544.719,3,1,2,0,1,중,중
USER_1402,2019-07-12,172,12,1209.1403,2,1,2,3,4,중,중
USER_1403,2019-04-07,268,38,4753.2781,1,3,3,2,3,중,중
USER_1404,2019-05-10,235,40,3717.4150000000004,1,3,3,3,4,중,중
USER_1405,2019-10-22,70,12,552.394,3,1,1,0,0,중,중
USER_1406,2019-01-16,349,28,1975.2168000000001,1,2,2,6,6,하,하
USER_1407,2019-11-21,40,40,3547.4737,4,3,3,3,4,상,상
USER_1408,2019-12-13,18,1,29.5808,4,1,1,0,0,중,중
USER_1409,2019-08-11,142,5,72.421,2,1,1,1,2,중,중
USER_1410,2019-10-04,88,8,573.9962,3,1,1,3,4,중,중
USER_1411,2019-12-13,18,162,17586.8649,4,4,4,6,6,상,상
USER_1412,2019-03-31,275,66,6016.9974,1,3,3,4,3,중,중
USER_1413,2019-05-25,220,6,940.4764,2,1,1,3,4,중,중
USER_1414,2019-06-09,205,5,839.9316,2,1,1,2,3,중,중
USER_1415,2019-12-05,26,95,10186.0447,4,3,3,5,7,상,상
USER_1416,2019-10-01,91,11,1391.4046,3,1,2,2,3,중,중
USER_1417,2019-07-26,158,5,146.0098,2,1,1,2,3,중,중
USER_1418,2019-06-20,194,22,2048.741,2,2,2,2,3,중,중
USER_1419,2019-09-06,116,77,6314.446000000001,3,3,3,0,1,중,중
USER_1420,2019-04-12,263,14,723.6506,1,2,1,2,3,하,하
USER_1421,2019-01-02,363,13,2101.6074000000003,1,2,2,6,6,하,하
USER_1422,2019-11-16,45,36,3442.5252,4,3,3,3,4,상,상
USER_1423,2019-10-19,73,62,5261.4976,3,3,3,4,3,중,중
USER_1424,2019-08-29,124,29,2633.5418,3,2,2,6,6,중,중
USER_1425,2019-08-29,124,21,1857.044,3,2,2,2,3,중,중
USER_1426,2019-11-29,32,21,1598.9560000000001,4,2,2,1,2,중,중
USER_1427,2019-07-16,168,16,1741.9756,2,2,2,2,3,중,중
USER_1428,2019-04-17,258,18,2532.8124000000003,1,2,2,4,3,하,하
USER_1429,2019-08-31,122,37,2255.3104,3,3,2,1,2,중,중
USER_1430,2019-09-17,105,72,4301.0807,3,3,3,5,7,중,중
USER_1431,2019-03-08,298,1,139.07459999999998,1,1,1,4,3,하,하
USER_1432,2019-07-16,168,153,11553.5142,2,4,4,2,3,중,중
USER_1433,2019-09-16,106,250,25360.4496,3,4,4,5,7,중,중
USER_1434,2019-03-21,285,30,2106.3144,1,2,2,4,3,하,하
USER_1435,2019-11-13,48,81,10313.2865,4,3,3,0,0,상,상
USER_1436,2019-10-14,78,18,1943.6712,3,2,2,0,0,중,중
USER_1437,2019-05-23,222,1,41.8484,1,1,1,3,4,하,하
USER_1438,2019-10-21,71,10,677.7552,3,1,1,6,6,중,중
USER_1439,2019-11-28,33,42,4732.3586000000005,4,3,3,0,0,상,상
USER_1440,2019-02-17,317,55,4196.8293,1,3,3,5,7,중,중
USER_1441,2019-10-13,79,15,938.2114,3,2,1,0,0,중,중
USER_1442,2019-06-05,209,44,4669.2034,2,3,3,6,6,중,중
USER_1443,2019-08-13,140,15,1534.9034000000001,2,2,2,1,2,중,중
USER_1444,2019-07-12,172,32,2345.2326,2,2,2,2,3,중,중
USER_1445,2019-12-19,12,35,3490.3515,4,3,3,2,3,상,상
USER_1446,2019-09-12,110,35,2225.3093,3,3,2,1,2,중,중
USER_1447,2019-09-18,104,10,523.6653,3,1,1,1,2,중,중
USER_1448,2019-04-06,269,1,16.412,1,1,1,2,3,하,하
USER_1449,2019-12-11,20,27,2737.5764000000004,4,2,2,1,2,중,중
USER_1450,2019-12-08,23,22,4608.844,4,2,3,0,0,중,중
USER_1451,2019-09-14,108,42,2902.2931,3,3,3,0,1,중,중
USER_1452,2019-05-26,219,24,1404.1262,2,2,2,4,3,중,중
USER_1453,2019-10-05,87,59,4385.722,3,3,3,2,3,중,중
USER_1454,2019-04-19,256,3,133.745,1,1,1,6,6,하,하
USER_1455,2019-08-23,130,22,1367.1944,3,2,2,2,3,중,중
USER_1456,2019-08-30,123,17,2868.51,3,2,3,6,6,중,중
USER_1457,2019-06-12,202,2,161.7682,2,1,1,2,3,중,중
USER_1458,2019-09-14,108,1,115.45,3,1,1,0,1,중,중
USER_1459,2019-11-27,34,51,6078.8060000000005,4,3,3,6,6,상,상
USER_1460,2019-11-28,33,55,8736.411,4,3,3,2,3,상,상
USER_1461,2019-12-13,18,21,2958.3588,4,2,3,0,0,중,중
USER_1462,2019-07-05,179,4,83.3536,2,1,1,2,3,중,중
USER_1463,2019-04-05,270,7,873.8902,1,1,1,2,3,하,하
USER_1464,2019-10-05,87,40,3272.6406,3,3,3,2,3,중,중
USER_1465,2019-06-20,194,8,171.0864,2,1,1,2,3,중,중
USER_1466,2019-10-23,69,1,333.8,3,1,1,0,0,중,중
USER_1467,2019-10-10,82,102,7663.7023,3,3,3,2,3,중,중
