고객ID,거래날짜,Recency,Frequency,Monetary,R_Score,F_Score,M_Score,RFM_Score,Customer_Segment,trade_month
USER_0000,2019-09-15,107,2,30.99,3,1,1,311,기타,2019-09
USER_0001,2019-11-02,59,60,13834.9,3,4,4,344,충성고객,2019-11
USER_0002,2019-10-19,73,23,1442.12,3,3,2,332,기타,2019-10
USER_0003,2019-12-14,17,17,1360.07,4,2,2,422,기타,2019-12
USER_0004,2019-09-15,107,36,1442.47,3,3,2,332,기타,2019-09
USER_0005,2019-08-23,130,16,601.81,3,2,1,321,기타,2019-08
USER_0006,2019-06-25,189,91,6914.31,2,4,4,244,충성고객,2019-06
USER_0007,2019-12-07,24,14,471.58,4,2,1,421,기타,2019-12
USER_0008,2019-11-21,40,77,9950.31,4,4,4,444,VIP고객,2019-11
USER_0009,2019-09-23,99,69,4954.12,3,4,4,344,충성고객,2019-09
USER_0010,2019-07-28,156,10,581.89,2,1,1,211,기타,2019-07
USER_0011,2019-09-08,114,19,702.22,3,2,2,322,기타,2019-09
USER_0012,2019-08-31,122,22,2233.4300000000003,3,3,3,333,기타,2019-08
USER_0013,2019-07-20,164,32,1383.64,2,3,2,232,기타,2019-07
USER_0014,2019-09-28,94,11,677.16,3,2,2,322,기타,2019-09
USER_0015,2019-12-21,10,26,2297.3,4,3,3,433,기타,2019-12
USER_0016,2019-08-22,131,26,2916.34,3,3,3,333,기타,2019-08
USER_0017,2019-12-14,17,7,601.36,4,1,1,411,기타,2019-12
USER_0018,2019-08-13,140,47,2772.53,2,4,3,243,기타,2019-08
USER_0019,2019-10-18,74,30,1661.75,3,3,2,332,기타,2019-10
USER_0020,2019-10-16,76,11,2012.17,3,2,3,323,기타,2019-10
USER_0021,2019-09-20,102,13,1024.12,3,2,2,322,기타,2019-09
USER_0022,2019-07-12,172,16,725.93,2,2,2,222,기타,2019-07
USER_0023,2019-07-14,170,13,1326.77,2,2,2,222,기타,2019-07
USER_0024,2019-04-13,262,20,2239.74,1,2,3,123,기타,2019-04
USER_0025,2019-11-21,40,44,5600.17,4,3,4,434,충성고객,2019-11
USER_0026,2019-04-10,265,147,13829.98,1,4,4,144,놓치면 안되는 고객,2019-04
USER_0027,2019-05-23,222,3,31.52,1,1,1,111,이탈고객,2019-05
USER_0028,2019-12-14,17,18,2466.96,4,2,3,423,기타,2019-12
USER_0029,2019-03-29,277,11,1731.18,1,2,2,122,기타,2019-03
USER_0030,2019-09-19,103,101,9722.05,3,4,4,344,충성고객,2019-09
USER_0031,2019-12-18,13,6,1250.89,4,1,2,412,기타,2019-12
USER_0032,2019-11-10,51,12,1379.78,4,2,2,422,기타,2019-11
USER_0033,2019-12-16,15,128,13907.84,4,4,4,444,VIP고객,2019-12
USER_0034,2019-10-30,62,126,11417.33,3,4,4,344,충성고객,2019-10
USER_0035,2019-11-01,60,36,6791.9400000000005,3,3,4,334,충성고객,2019-11
USER_0036,2019-11-28,33,27,3155.61,4,3,3,433,기타,2019-11
USER_0037,2019-12-05,26,2,252.79,4,1,1,411,기타,2019-12
USER_0038,2019-08-06,147,42,1290.43,2,3,2,232,기타,2019-08
USER_0039,2019-08-02,151,46,10068.55,2,3,4,234,충성고객,2019-08
USER_0040,2019-07-18,166,14,993.38,2,2,2,222,기타,2019-07
USER_0041,2019-08-04,149,98,5335.14,2,4,4,244,충성고객,2019-08
USER_0042,2019-08-03,150,15,781.67,2,2,2,222,기타,2019-08
USER_0043,2019-08-30,123,43,2717.19,3,3,3,333,기타,2019-08
USER_0044,2019-07-20,164,7,414.91,2,1,1,211,기타,2019-07
USER_0045,2019-08-13,140,5,65.75999999999999,2,1,1,211,기타,2019-08
USER_0046,2019-11-20,41,160,10021.23,4,4,4,444,VIP고객,2019-11
USER_0047,2019-12-16,15,31,5118.81,4,3,4,434,충성고객,2019-12
USER_0048,2019-07-27,157,1,10.63,2,1,1,211,기타,2019-07
USER_0049,2019-09-18,104,29,1393.55,3,3,2,332,기타,2019-09
USER_0050,2019-07-13,171,16,1271.14,2,2,2,222,기타,2019-07
USER_0051,2019-08-22,131,7,497.77,3,1,1,311,기타,2019-08
USER_0052,2019-08-14,139,16,547.75,2,2,1,221,기타,2019-08
USER_0053,2019-09-15,107,10,1636.97,3,1,2,312,기타,2019-09
USER_0054,2019-11-27,34,31,4510.39,4,3,4,434,충성고객,2019-11
USER_0055,2019-08-02,151,13,1233.68,2,2,2,222,기타,2019-08
USER_0056,2019-11-08,53,187,19024.0,4,4,4,444,VIP고객,2019-11
USER_0057,2019-12-10,21,64,4120.18,4,4,4,444,VIP고객,2019-12
USER_0058,2019-06-26,188,10,1680.26,2,1,2,212,기타,2019-06
USER_0059,2019-10-23,69,39,1478.7,3,3,2,332,기타,2019-10
USER_0060,2019-08-17,136,9,277.62,2,1,1,211,기타,2019-08
USER_0061,2019-12-11,20,22,2786.23,4,3,3,433,기타,2019-12
USER_0062,2019-12-21,10,146,12235.27,4,4,4,444,VIP고객,2019-12
USER_0063,2019-11-16,45,11,1599.95,4,2,2,422,기타,2019-11
USER_0064,2019-06-12,202,67,5932.2,2,4,4,244,충성고객,2019-06
USER_0065,2019-11-05,56,76,5677.5,3,4,4,344,충성고객,2019-11
USER_0066,2019-08-02,151,42,2361.48,2,3,3,233,기타,2019-08
USER_0067,2019-07-24,160,74,3809.52,2,4,3,243,기타,2019-07
USER_0068,2019-03-04,302,1,18.99,1,1,1,111,이탈고객,2019-03
USER_0069,2019-11-02,59,26,4440.63,3,3,4,334,충성고객,2019-11
USER_0070,2019-09-30,92,12,849.0799999999999,3,2,2,322,기타,2019-09
USER_0071,2019-12-16,15,15,783.38,4,2,2,422,기타,2019-12
USER_0072,2019-08-17,136,9,572.3299999999999,2,1,1,211,기타,2019-08
USER_0073,2019-04-19,256,3,283.19,1,1,1,111,이탈고객,2019-04
USER_0074,2019-10-27,65,16,339.35,3,2,1,321,기타,2019-10
USER_0075,2019-06-27,187,33,2434.21,2,3,3,233,기타,2019-06
USER_0076,2019-12-16,15,58,5886.88,4,4,4,444,VIP고객,2019-12
USER_0077,2019-12-04,27,67,5100.25,4,4,4,444,VIP고객,2019-12
USER_0078,2019-11-05,56,75,4378.81,3,4,4,344,충성고객,2019-11
USER_0079,2019-08-18,135,2,60.79,2,1,1,211,기타,2019-08
USER_0080,2019-11-10,51,16,2440.42,4,2,3,423,기타,2019-11
USER_0081,2019-06-26,188,53,3882.93,2,4,3,243,기타,2019-06
USER_0082,2019-04-18,257,2,14.38,1,1,1,111,이탈고객,2019-04
USER_0083,2019-08-09,144,9,2435.4700000000003,2,1,3,213,기타,2019-08
USER_0084,2019-10-05,87,51,2731.26,3,4,3,343,기타,2019-10
USER_0085,2019-12-19,12,34,2969.7,4,3,3,433,기타,2019-12
USER_0086,2019-10-02,90,5,765.99,3,1,2,312,기타,2019-10
USER_0087,2019-09-19,103,4,82.8,3,1,1,311,기타,2019-09
USER_0088,2019-06-09,205,2,37.98,2,1,1,211,기타,2019-06
USER_0089,2019-11-30,31,74,6682.52,4,4,4,444,VIP고객,2019-11
USER_0090,2019-08-30,123,10,255.15,3,1,1,311,기타,2019-08
USER_0091,2019-09-09,113,23,1769.83,3,3,3,333,기타,2019-09
USER_0092,2019-12-10,21,12,1364.93,4,2,2,422,기타,2019-12
USER_0093,2019-07-12,172,5,202.98,2,1,1,211,기타,2019-07
USER_0094,2019-12-03,28,223,15419.82,4,4,4,444,VIP고객,2019-12
USER_0095,2019-12-11,20,127,12186.51,4,4,4,444,VIP고객,2019-12
USER_0096,2019-09-30,92,77,9876.2,3,4,4,344,충성고객,2019-09
USER_0097,2019-01-31,334,7,958.58,1,1,2,112,기타,2019-01
USER_0098,2019-10-27,65,15,1320.62,3,2,2,322,기타,2019-10
USER_0099,2019-10-14,78,9,1708.95,3,1,2,312,기타,2019-10
USER_0100,2019-06-28,186,30,1644.38,2,3,2,232,기타,2019-06
USER_0101,2019-08-30,123,33,2806.98,3,3,3,333,기타,2019-08
USER_0102,2019-11-08,53,33,3030.23,4,3,3,433,기타,2019-11
USER_0103,2019-12-21,10,47,3743.1,4,4,3,443,기타,2019-12
USER_0104,2019-11-27,34,65,6810.07,4,4,4,444,VIP고객,2019-11
USER_0105,2019-07-06,178,18,1944.75,2,2,3,223,기타,2019-07
USER_0106,2019-08-21,132,11,529.04,2,2,1,221,기타,2019-08
USER_0107,2019-02-09,325,24,4812.79,1,3,4,134,기타,2019-02
USER_0108,2019-11-17,44,25,1912.64,4,3,3,433,기타,2019-11
USER_0109,2019-10-11,81,12,917.73,3,2,2,322,기타,2019-10
USER_0110,2019-08-19,134,13,545.52,2,2,1,221,기타,2019-08
USER_0111,2019-11-27,34,62,12269.8,4,4,4,444,VIP고객,2019-11
USER_0112,2019-07-13,171,4,79.94999999999999,2,1,1,211,기타,2019-07
USER_0113,2019-11-20,41,43,2890.57,4,3,3,433,기타,2019-11
USER_0114,2019-08-16,137,4,141.85,2,1,1,211,기타,2019-08
USER_0115,2019-01-30,335,11,1778.57,1,2,3,123,기타,2019-01
USER_0116,2019-10-24,68,56,9363.55,3,4,4,344,충성고객,2019-10
USER_0117,2019-09-28,94,20,1729.89,3,2,2,322,기타,2019-09
USER_0118,2019-09-15,107,695,74601.36,3,4,4,344,충성고객,2019-09
USER_0119,2019-08-01,152,52,1979.47,2,4,3,243,기타,2019-08
USER_0120,2019-12-21,10,37,3721.9,4,3,3,433,기타,2019-12
USER_0121,2019-04-12,263,1,49.98,1,1,1,111,이탈고객,2019-04
USER_0122,2019-03-02,304,16,1080.69,1,2,2,122,기타,2019-03
USER_0123,2019-11-06,55,45,5447.88,4,3,4,434,충성고객,2019-11
USER_0124,2019-08-11,142,88,4114.4,2,4,4,244,충성고객,2019-08
USER_0125,2019-12-18,13,13,1401.16,4,2,2,422,기타,2019-12
USER_0126,2019-12-01,30,9,529.59,4,1,1,411,기타,2019-12
USER_0127,2019-12-24,7,42,2355.4700000000003,4,3,3,433,기타,2019-12
USER_0128,2019-10-28,64,56,4045.21,3,4,4,344,충성고객,2019-10
USER_0129,2019-04-30,245,14,700.21,1,2,2,122,기타,2019-04
USER_0130,2019-01-03,362,2,140.3,1,1,1,111,이탈고객,2019-01
USER_0131,2019-08-09,144,24,2315.97,2,3,3,233,기타,2019-08
USER_0132,2019-06-02,212,17,355.34000000000003,2,2,1,221,기타,2019-06
USER_0133,2019-03-04,302,7,557.99,1,1,1,111,이탈고객,2019-03
USER_0134,2019-09-11,111,11,633.02,3,2,1,321,기타,2019-09
USER_0135,2019-11-08,53,49,7699.88,4,4,4,444,VIP고객,2019-11
USER_0136,2019-10-03,89,12,1023.26,3,2,2,322,기타,2019-10
USER_0137,2019-12-06,25,39,2884.55,4,3,3,433,기타,2019-12
USER_0138,2019-01-05,360,59,4323.49,1,4,4,144,놓치면 안되는 고객,2019-01
USER_0139,2019-06-29,185,37,3602.29,2,3,3,233,기타,2019-06
USER_0140,2019-11-27,34,110,11711.93,4,4,4,444,VIP고객,2019-11
USER_0141,2019-12-23,8,14,2785.79,4,2,3,423,기타,2019-12
USER_0142,2019-12-03,28,23,2015.76,4,3,3,433,기타,2019-12
USER_0143,2019-10-24,68,36,4590.74,3,3,4,334,충성고객,2019-10
USER_0144,2019-01-17,348,3,890.3299999999999,1,1,2,112,기타,2019-01
USER_0145,2019-06-05,209,1,238.0,2,1,1,211,기타,2019-06
USER_0146,2019-06-02,212,58,3433.81,2,4,3,243,기타,2019-06
USER_0147,2019-11-12,49,46,5419.64,4,3,4,434,충성고객,2019-11
USER_0148,2019-04-06,269,2,34.15,1,1,1,111,이탈고객,2019-04
USER_0149,2019-09-07,115,66,3794.47,3,4,3,343,기타,2019-09
USER_0150,2019-05-06,239,1,1.2,1,1,1,111,이탈고객,2019-05
USER_0151,2019-08-31,122,17,1355.09,3,2,2,322,기타,2019-08
USER_0152,2019-11-29,32,2,228.0,4,1,1,411,기타,2019-11
USER_0153,2019-03-18,288,4,68.75999999999999,1,1,1,111,이탈고객,2019-03
USER_0154,2019-01-22,343,13,1123.9,1,2,2,122,기타,2019-01
USER_0155,2019-10-06,86,40,3916.58,3,3,3,333,기타,2019-10
USER_0156,2019-07-20,164,59,5963.99,2,4,4,244,충성고객,2019-07
USER_0157,2019-09-05,117,2,15.35,3,1,1,311,기타,2019-09
USER_0158,2019-06-11,203,17,297.3,2,2,1,221,기타,2019-06
USER_0159,2019-12-06,25,8,878.39,4,1,2,412,기타,2019-12
USER_0160,2019-06-29,185,2,19.38,2,1,1,211,기타,2019-06
USER_0161,2019-10-16,76,27,836.6,3,3,2,332,기타,2019-10
USER_0162,2019-08-08,145,6,192.24,2,1,1,211,기타,2019-08
USER_0163,2019-04-11,264,16,708.45,1,2,2,122,기타,2019-04
USER_0164,2019-07-06,178,14,1017.77,2,2,2,222,기타,2019-07
USER_0165,2019-10-27,65,36,4915.03,3,3,4,334,충성고객,2019-10
USER_0166,2019-10-12,80,20,883.55,3,2,2,322,기타,2019-10
USER_0167,2019-12-31,0,19,3002.01,4,2,3,423,기타,2019-12
USER_0168,2019-08-01,152,31,891.63,2,3,2,232,기타,2019-08
USER_0169,2019-04-11,264,16,592.91,1,2,1,121,기타,2019-04
USER_0170,2019-06-23,191,19,1452.08,2,2,2,222,기타,2019-06
USER_0171,2019-10-04,88,8,510.4,3,1,1,311,기타,2019-10
USER_0172,2019-12-19,12,47,3963.39,4,4,4,444,VIP고객,2019-12
USER_0173,2019-08-23,130,6,1163.22,3,1,2,312,기타,2019-08
USER_0174,2019-09-05,117,2,156.6,3,1,1,311,기타,2019-09
USER_0175,2019-12-14,17,3,556.55,4,1,1,411,기타,2019-12
USER_0176,2019-11-21,40,18,794.51,4,2,2,422,기타,2019-11
USER_0177,2019-04-24,251,11,846.3399999999999,1,2,2,122,기타,2019-04
USER_0178,2019-10-27,65,36,2565.35,3,3,3,333,기타,2019-10
USER_0179,2019-10-27,65,7,842.89,3,1,2,312,기타,2019-10
USER_0180,2019-11-10,51,72,5588.5,4,4,4,444,VIP고객,2019-11
USER_0181,2019-09-28,94,15,2103.55,3,2,3,323,기타,2019-09
USER_0182,2019-01-30,335,3,213.36,1,1,1,111,이탈고객,2019-01
USER_0183,2019-02-03,331,67,4567.33,1,4,4,144,놓치면 안되는 고객,2019-02
USER_0184,2019-06-13,201,8,1774.4899999999998,2,1,3,213,기타,2019-06
USER_0185,2019-07-07,177,6,167.75,2,1,1,211,기타,2019-07
USER_0186,2019-07-12,172,1,9.99,2,1,1,211,기타,2019-07
USER_0187,2019-03-15,291,60,2046.06,1,4,3,143,기타,2019-03
USER_0188,2019-06-27,187,11,607.0,2,2,1,221,기타,2019-06
USER_0189,2019-02-28,306,11,170.83,1,2,1,121,기타,2019-02
USER_0190,2019-12-18,13,44,3048.79,4,3,3,433,기타,2019-12
USER_0191,2019-09-06,116,40,3056.33,3,3,3,333,기타,2019-09
USER_0192,2019-10-27,65,7,221.17,3,1,1,311,기타,2019-10
USER_0193,2019-12-27,4,103,10409.81,4,4,4,444,VIP고객,2019-12
USER_0194,2019-09-06,116,9,179.95,3,1,1,311,기타,2019-09
USER_0195,2019-01-16,349,14,1435.23,1,2,2,122,기타,2019-01
USER_0196,2019-10-11,81,1,1.0,3,1,1,311,기타,2019-10
USER_0197,2019-12-28,3,138,8509.75,4,4,4,444,VIP고객,2019-12
USER_0198,2019-04-07,268,14,1519.96,1,2,2,122,기타,2019-04
USER_0199,2019-11-10,51,54,4112.0,4,4,4,444,VIP고객,2019-11
USER_0200,2019-08-31,122,261,19576.4,3,4,4,344,충성고객,2019-08
USER_0201,2019-07-24,160,7,1027.99,2,1,2,212,기타,2019-07
USER_0202,2019-12-11,20,366,27199.61,4,4,4,444,VIP고객,2019-12
USER_0203,2019-09-30,92,13,1329.28,3,2,2,322,기타,2019-09
USER_0204,2019-06-07,207,7,280.93,2,1,1,211,기타,2019-06
USER_0205,2019-12-12,19,143,11879.72,4,4,4,444,VIP고객,2019-12
USER_0206,2019-07-31,153,5,364.56,2,1,1,211,기타,2019-07
USER_0207,2019-07-26,158,52,2915.43,2,4,3,243,기타,2019-07
USER_0208,2019-11-03,58,21,2364.19,3,2,3,323,기타,2019-11
USER_0209,2019-12-24,7,93,8497.24,4,4,4,444,VIP고객,2019-12
USER_0210,2019-07-06,178,1,119.0,2,1,1,211,기타,2019-07
USER_0211,2019-09-04,118,23,2554.54,3,3,3,333,기타,2019-09
USER_0212,2019-01-18,347,10,460.98,1,1,1,111,이탈고객,2019-01
USER_0213,2019-12-10,21,20,959.95,4,2,2,422,기타,2019-12
USER_0214,2019-12-24,7,62,20537.74,4,4,4,444,VIP고객,2019-12
USER_0215,2019-08-01,152,2,242.12,2,1,1,211,기타,2019-08
USER_0216,2019-10-17,75,34,2001.12,3,3,3,333,기타,2019-10
USER_0217,2019-06-10,204,61,4320.82,2,4,4,244,충성고객,2019-06
USER_0218,2019-08-17,136,32,2224.09,2,3,3,233,기타,2019-08
USER_0219,2019-04-19,256,3,218.98,1,1,1,111,이탈고객,2019-04
USER_0220,2019-12-22,9,48,7423.92,4,4,4,444,VIP고객,2019-12
USER_0221,2019-01-26,339,14,1468.99,1,2,2,122,기타,2019-01
USER_0222,2019-04-07,268,16,413.53,1,2,1,121,기타,2019-04
USER_0223,2019-12-10,21,32,3194.9,4,3,3,433,기타,2019-12
USER_0224,2019-08-17,136,3,31.99,2,1,1,211,기타,2019-08
USER_0225,2019-01-30,335,1,16.5,1,1,1,111,이탈고객,2019-01
USER_0226,2019-11-25,36,130,17809.85,4,4,4,444,VIP고객,2019-11
USER_0227,2019-09-08,114,63,5652.58,3,4,4,344,충성고객,2019-09
USER_0228,2019-10-18,74,19,3252.19,3,2,3,323,기타,2019-10
USER_0229,2019-11-24,37,8,465.33,4,1,1,411,기타,2019-11
USER_0230,2019-08-22,131,40,3367.76,3,3,3,333,기타,2019-08
USER_0231,2019-07-14,170,13,809.44,2,2,2,222,기타,2019-07
USER_0232,2019-10-26,66,76,4892.71,3,4,4,344,충성고객,2019-10
USER_0233,2019-03-23,283,23,3603.51,1,3,3,133,기타,2019-03
USER_0234,2019-11-13,48,242,21689.27,4,4,4,444,VIP고객,2019-11
USER_0235,2019-05-25,220,32,1797.09,2,3,3,233,기타,2019-05
USER_0236,2019-08-07,146,20,1862.02,2,2,3,223,기타,2019-08
USER_0237,2019-08-01,152,37,1064.14,2,3,2,232,기타,2019-08
USER_0238,2019-10-24,68,77,5469.49,3,4,4,344,충성고객,2019-10
USER_0239,2019-12-13,18,16,1905.12,4,2,3,423,기타,2019-12
USER_0240,2019-12-20,11,26,2197.99,4,3,3,433,기타,2019-12
USER_0241,2019-09-12,110,21,343.87,3,2,1,321,기타,2019-09
USER_0242,2019-05-21,224,2,43.74,1,1,1,111,이탈고객,2019-05
USER_0243,2019-06-07,207,35,2318.21,2,3,3,233,기타,2019-06
USER_0244,2019-07-26,158,12,449.86,2,2,1,221,기타,2019-07
USER_0245,2019-12-20,11,85,9669.9,4,4,4,444,VIP고객,2019-12
USER_0246,2019-08-06,147,17,1299.1,2,2,2,222,기타,2019-08
USER_0247,2019-05-31,214,5,477.29,2,1,1,211,기타,2019-05
USER_0248,2019-04-14,261,21,1413.67,1,2,2,122,기타,2019-04
USER_0249,2019-09-13,109,40,2061.69,3,3,3,333,기타,2019-09
USER_0250,2019-07-19,165,16,427.61,2,2,1,221,기타,2019-07
USER_0251,2019-01-05,360,6,1281.9,1,1,2,112,기타,2019-01
USER_0252,2019-09-18,104,39,2531.7,3,3,3,333,기타,2019-09
USER_0253,2019-06-12,202,1,46.17,2,1,1,211,기타,2019-06
USER_0254,2019-08-23,130,46,16574.14,3,3,4,334,충성고객,2019-08
USER_0255,2019-05-18,227,28,2902.24,1,3,3,133,기타,2019-05
USER_0256,2019-04-07,268,1,79.0,1,1,1,111,이탈고객,2019-04
USER_0257,2019-11-15,46,78,8257.6,4,4,4,444,VIP고객,2019-11
USER_0258,2019-09-30,92,14,759.89,3,2,2,322,기타,2019-09
USER_0259,2019-06-05,209,11,744.84,2,2,2,222,기타,2019-06
USER_0260,2019-07-15,169,21,653.66,2,2,2,222,기타,2019-07
USER_0261,2019-01-20,345,5,465.24,1,1,1,111,이탈고객,2019-01
USER_0262,2019-12-23,8,34,4333.01,4,3,4,434,충성고객,2019-12
USER_0263,2019-10-23,69,29,2141.61,3,3,3,333,기타,2019-10
USER_0264,2019-07-16,168,17,409.9,2,2,1,221,기타,2019-07
USER_0265,2019-06-13,201,14,1181.77,2,2,2,222,기타,2019-06
USER_0266,2019-07-17,167,98,6227.05,2,4,4,244,충성고객,2019-07
USER_0267,2019-11-27,34,10,2008.38,4,1,3,413,기타,2019-11
USER_0268,2019-04-19,256,21,731.94,1,2,2,122,기타,2019-04
USER_0269,2019-11-13,48,17,2353.71,4,2,3,423,기타,2019-11
USER_0270,2019-07-08,176,9,577.38,2,1,1,211,기타,2019-07
USER_0271,2019-11-17,44,13,1339.02,4,2,2,422,기타,2019-11
USER_0272,2019-07-28,156,1,139.65,2,1,1,211,기타,2019-07
USER_0273,2019-07-08,176,19,1603.7,2,2,2,222,기타,2019-07
USER_0274,2019-04-08,267,44,3074.76,1,3,3,133,기타,2019-04
USER_0275,2019-08-30,123,35,3194.06,3,3,3,333,기타,2019-08
USER_0276,2019-12-16,15,16,1204.31,4,2,2,422,기타,2019-12
USER_0277,2019-11-27,34,16,2366.15,4,2,3,423,기타,2019-11
USER_0278,2019-07-18,166,8,521.92,2,1,1,211,기타,2019-07
USER_0279,2019-01-30,335,17,1338.56,1,2,2,122,기타,2019-01
USER_0280,2019-10-27,65,6,281.95,3,1,1,311,기타,2019-10
USER_0281,2019-11-29,32,78,7423.24,4,4,4,444,VIP고객,2019-11
USER_0282,2019-06-08,206,49,3672.73,2,4,3,243,기타,2019-06
USER_0283,2019-08-02,151,32,804.3,2,3,2,232,기타,2019-08
USER_0284,2019-05-21,224,36,2298.16,1,3,3,133,기타,2019-05
USER_0285,2019-08-11,142,48,1564.21,2,4,2,242,기타,2019-08
USER_0286,2019-09-04,118,36,3009.35,3,3,3,333,기타,2019-09
USER_0287,2019-09-18,104,87,3433.53,3,4,3,343,기타,2019-09
USER_0288,2019-12-12,19,79,8915.0,4,4,4,444,VIP고객,2019-12
USER_0289,2019-08-28,125,13,528.6800000000001,3,2,1,321,기타,2019-08
USER_0290,2019-03-16,290,1,2.8,1,1,1,111,이탈고객,2019-03
USER_0291,2019-07-12,172,11,262.91,2,2,1,221,기타,2019-07
USER_0292,2019-12-20,11,149,11318.88,4,4,4,444,VIP고객,2019-12
USER_0293,2019-12-12,19,42,3988.18,4,3,4,434,충성고객,2019-12
USER_0294,2019-12-06,25,18,1110.97,4,2,2,422,기타,2019-12
USER_0295,2019-06-05,209,26,1894.55,2,3,3,233,기타,2019-06
USER_0296,2019-06-21,193,27,1431.18,2,3,2,232,기타,2019-06
USER_0297,2019-03-06,300,10,907.82,1,1,2,112,기타,2019-03
USER_0298,2019-09-26,96,4,116.27,3,1,1,311,기타,2019-09
USER_0299,2019-12-02,29,29,3335.76,4,3,3,433,기타,2019-12
USER_0300,2019-09-22,100,31,3764.7,3,3,3,333,기타,2019-09
USER_0301,2019-04-06,269,30,1565.67,1,3,2,132,기타,2019-04
USER_0302,2019-09-08,114,5,41.95,3,1,1,311,기타,2019-09
USER_0303,2019-04-07,268,15,6470.26,1,2,4,124,기타,2019-04
USER_0304,2019-11-14,47,52,3487.87,4,4,3,443,기타,2019-11
USER_0305,2019-11-17,44,3,17.57,4,1,1,411,기타,2019-11
USER_0306,2019-12-19,12,11,1145.08,4,2,2,422,기타,2019-12
USER_0307,2019-10-16,76,4,1041.19,3,1,2,312,기타,2019-10
USER_0308,2019-11-17,44,8,286.97,4,1,1,411,기타,2019-11
USER_0309,2019-07-11,173,82,6967.63,2,4,4,244,충성고객,2019-07
USER_0310,2019-08-11,142,13,957.58,2,2,2,222,기타,2019-08
USER_0311,2019-03-21,285,24,1564.09,1,3,2,132,기타,2019-03
USER_0312,2019-12-14,17,34,1983.21,4,3,3,433,기타,2019-12
USER_0313,2019-03-02,304,9,481.54,1,1,1,111,이탈고객,2019-03
USER_0314,2019-12-19,12,10,898.59,4,1,2,412,기타,2019-12
USER_0315,2019-12-29,2,24,2849.45,4,3,3,433,기타,2019-12
USER_0316,2019-08-07,146,39,1788.43,2,3,3,233,기타,2019-08
USER_0317,2019-09-04,118,30,1476.54,3,3,2,332,기타,2019-09
USER_0318,2019-12-02,29,19,2783.7200000000003,4,2,3,423,기타,2019-12
USER_0319,2019-12-06,25,3,362.87,4,1,1,411,기타,2019-12
USER_0320,2019-06-03,211,15,1068.84,2,2,2,222,기타,2019-06
USER_0321,2019-08-28,125,9,562.34,3,1,1,311,기타,2019-08
USER_0322,2019-11-27,34,24,1871.68,4,3,3,433,기타,2019-11
USER_0323,2019-06-25,189,20,1873.21,2,2,3,223,기타,2019-06
USER_0324,2019-12-10,21,8,1083.51,4,1,2,412,기타,2019-12
USER_0325,2019-09-06,116,38,1073.05,3,3,2,332,기타,2019-09
USER_0326,2019-04-07,268,15,486.0700000000001,1,2,1,121,기타,2019-04
USER_0327,2019-03-04,302,18,401.8,1,2,1,121,기타,2019-03
USER_0328,2019-07-31,153,31,1383.23,2,3,2,232,기타,2019-07
USER_0329,2019-10-07,85,62,4186.96,3,4,4,344,충성고객,2019-10
USER_0330,2019-12-19,12,61,4401.14,4,4,4,444,VIP고객,2019-12
USER_0331,2019-08-19,134,6,216.14,2,1,1,211,기타,2019-08
USER_0332,2019-08-02,151,91,5989.11,2,4,4,244,충성고객,2019-08
USER_0333,2019-09-18,104,4,36.35,3,1,1,311,기타,2019-09
USER_0334,2019-12-20,11,104,5465.3,4,4,4,444,VIP고객,2019-12
USER_0335,2019-09-06,116,26,1283.58,3,3,2,332,기타,2019-09
USER_0336,2019-10-23,69,1,238.0,3,1,1,311,기타,2019-10
USER_0337,2019-01-03,362,10,1277.71,1,1,2,112,기타,2019-01
USER_0338,2019-11-20,41,32,4036.45,4,3,4,434,충성고객,2019-11
USER_0339,2019-11-21,40,31,2595.13,4,3,3,433,기타,2019-11
USER_0340,2019-08-01,152,100,6904.99,2,4,4,244,충성고객,2019-08
USER_0341,2019-12-23,8,41,4732.92,4,3,4,434,충성고객,2019-12
USER_0342,2019-12-12,19,9,963.4,4,1,2,412,기타,2019-12
USER_0343,2019-10-11,81,96,8242.94,3,4,4,344,충성고객,2019-10
USER_0344,2019-01-03,362,1,153.71,1,1,1,111,이탈고객,2019-01
USER_0345,2019-01-01,364,1,1.24,1,1,1,111,이탈고객,2019-01
USER_0346,2019-08-02,151,1,2.79,2,1,1,211,기타,2019-08
USER_0347,2019-11-03,58,8,962.72,3,1,2,312,기타,2019-11
USER_0348,2019-06-13,201,16,1674.43,2,2,2,222,기타,2019-06
USER_0349,2019-08-08,145,33,2027.1,2,3,3,233,기타,2019-08
USER_0350,2019-07-30,154,69,3984.48,2,4,4,244,충성고객,2019-07
USER_0351,2019-08-16,137,73,5142.18,2,4,4,244,충성고객,2019-08
USER_0352,2019-10-05,87,32,3330.01,3,3,3,333,기타,2019-10
USER_0353,2019-12-13,18,67,6817.96,4,4,4,444,VIP고객,2019-12
USER_0354,2019-09-05,117,36,3168.75,3,3,3,333,기타,2019-09
USER_0355,2019-12-08,23,6,280.68,4,1,1,411,기타,2019-12
USER_0356,2019-03-23,283,7,359.32,1,1,1,111,이탈고객,2019-03
USER_0357,2019-05-01,244,7,361.93,1,1,1,111,이탈고객,2019-05
USER_0358,2019-10-11,81,123,9735.58,3,4,4,344,충성고객,2019-10
USER_0359,2019-12-18,13,33,3227.58,4,3,3,433,기타,2019-12
USER_0360,2019-12-06,25,22,1202.76,4,3,2,432,기타,2019-12
USER_0361,2019-03-26,280,7,1264.98,1,1,2,112,기타,2019-03
USER_0362,2019-10-22,70,53,8189.92,3,4,4,344,충성고객,2019-10
USER_0363,2019-07-14,170,9,123.54,2,1,1,211,기타,2019-07
USER_0364,2019-12-19,12,24,3004.67,4,3,3,433,기타,2019-12
USER_0365,2019-12-13,18,11,854.92,4,2,2,422,기타,2019-12
USER_0366,2019-06-12,202,1,16.99,2,1,1,211,기타,2019-06
USER_0367,2019-02-16,318,2,313.99,1,1,1,111,이탈고객,2019-02
USER_0368,2019-10-30,62,9,1103.88,3,1,2,312,기타,2019-10
USER_0369,2019-02-11,323,52,6430.07,1,4,4,144,놓치면 안되는 고객,2019-02
USER_0370,2019-12-19,12,55,6915.38,4,4,4,444,VIP고객,2019-12
USER_0371,2019-06-02,212,28,1192.66,2,3,2,232,기타,2019-06
USER_0372,2019-04-07,268,1,47.85,1,1,1,111,이탈고객,2019-04
USER_0373,2019-12-10,21,33,2905.25,4,3,3,433,기타,2019-12
USER_0374,2019-09-14,108,28,2369.12,3,3,3,333,기타,2019-09
USER_0375,2019-09-04,118,29,3409.24,3,3,3,333,기타,2019-09
USER_0376,2019-11-27,34,71,12112.3,4,4,4,444,VIP고객,2019-11
USER_0377,2019-12-20,11,23,3250.28,4,3,3,433,기타,2019-12
USER_0378,2019-12-15,16,7,353.86,4,1,1,411,기타,2019-12
USER_0379,2019-06-22,192,18,931.05,2,2,2,222,기타,2019-06
USER_0380,2019-03-23,283,6,1162.8,1,1,2,112,기타,2019-03
USER_0381,2019-12-04,27,13,2042.1,4,2,3,423,기타,2019-12
USER_0382,2019-09-14,108,1,35.0,3,1,1,311,기타,2019-09
USER_0383,2019-11-03,58,12,1470.25,3,2,2,322,기타,2019-11
USER_0384,2019-12-13,18,10,751.47,4,1,2,412,기타,2019-12
USER_0385,2019-09-15,107,12,318.61,3,2,1,321,기타,2019-09
USER_0386,2019-10-18,74,11,666.76,3,2,2,322,기타,2019-10
USER_0387,2019-12-27,4,25,3110.21,4,3,3,433,기타,2019-12
USER_0388,2019-07-14,170,7,320.91,2,1,1,211,기타,2019-07
USER_0389,2019-10-05,87,3,2656.43,3,1,3,313,기타,2019-10
USER_0390,2019-12-12,19,13,1411.28,4,2,2,422,기타,2019-12
USER_0391,2019-02-09,325,12,888.86,1,2,2,122,기타,2019-02
USER_0392,2019-05-22,223,3,142.82,1,1,1,111,이탈고객,2019-05
USER_0393,2019-07-13,171,1,7.2,2,1,1,211,기타,2019-07
USER_0394,2019-01-29,336,5,464.47,1,1,1,111,이탈고객,2019-01
USER_0395,2019-05-10,235,16,1007.81,1,2,2,122,기타,2019-05
USER_0396,2019-12-26,5,35,3918.72,4,3,4,434,충성고객,2019-12
USER_0397,2019-10-04,88,44,2649.99,3,3,3,333,기타,2019-10
USER_0398,2019-09-11,111,52,4164.11,3,4,4,344,충성고객,2019-09
USER_0399,2019-09-13,109,50,10308.2,3,4,4,344,충성고객,2019-09
USER_0400,2019-09-18,104,9,103.39,3,1,1,311,기타,2019-09
USER_0401,2019-08-27,126,18,382.87,3,2,1,321,기타,2019-08
USER_0402,2019-10-03,89,32,3075.62,3,3,3,333,기타,2019-10
USER_0403,2019-01-09,356,9,961.3,1,1,2,112,기타,2019-01
USER_0404,2019-12-02,29,7,696.72,4,1,2,412,기타,2019-12
USER_0405,2019-06-27,187,39,1481.28,2,3,2,232,기타,2019-06
USER_0406,2019-04-10,265,27,4227.05,1,3,4,134,기타,2019-04
USER_0407,2019-09-25,97,51,3219.42,3,4,3,343,기타,2019-09
USER_0408,2019-07-14,170,32,4179.47,2,3,4,234,충성고객,2019-07
USER_0409,2019-04-27,248,26,1327.21,1,3,2,132,기타,2019-04
USER_0410,2019-11-22,39,67,7589.99,4,4,4,444,VIP고객,2019-11
USER_0411,2019-12-17,14,55,7393.91,4,4,4,444,VIP고객,2019-12
USER_0412,2019-07-26,158,5,115.21,2,1,1,211,기타,2019-07
USER_0413,2019-08-01,152,15,255.83,2,2,1,221,기타,2019-08
USER_0414,2019-10-29,63,115,11129.12,3,4,4,344,충성고객,2019-10
USER_0415,2019-11-21,40,41,3730.12,4,3,3,433,기타,2019-11
USER_0416,2019-05-31,214,48,3129.0,2,4,3,243,기타,2019-05
USER_0417,2019-10-28,64,40,3856.99,3,3,3,333,기타,2019-10
USER_0418,2019-09-28,94,44,5324.78,3,3,4,334,충성고객,2019-09
USER_0419,2019-10-11,81,24,2090.9700000000003,3,3,3,333,기타,2019-10
USER_0420,2019-01-09,356,13,1224.1999999999998,1,2,2,122,기타,2019-01
USER_0421,2019-03-02,304,69,5404.32,1,4,4,144,놓치면 안되는 고객,2019-03
USER_0422,2019-04-25,250,29,2417.06,1,3,3,133,기타,2019-04
USER_0423,2019-07-10,174,95,6739.39,2,4,4,244,충성고객,2019-07
USER_0424,2019-12-18,13,171,11871.23,4,4,4,444,VIP고객,2019-12
USER_0425,2019-10-03,89,93,9298.72,3,4,4,344,충성고객,2019-10
USER_0426,2019-09-20,102,1,13.2,3,1,1,311,기타,2019-09
USER_0427,2019-10-04,88,61,2756.5,3,4,3,343,기타,2019-10
USER_0428,2019-09-04,118,59,6343.43,3,4,4,344,충성고객,2019-09
USER_0429,2019-09-11,111,3,123.97,3,1,1,311,기타,2019-09
USER_0430,2019-07-07,177,17,1039.34,2,2,2,222,기타,2019-07
USER_0431,2019-12-05,26,7,596.9,4,1,1,411,기타,2019-12
USER_0432,2019-08-27,126,11,1119.2,3,2,2,322,기타,2019-08
USER_0433,2019-07-08,176,1,15.19,2,1,1,211,기타,2019-07
USER_0434,2019-12-12,19,20,2072.58,4,2,3,423,기타,2019-12
USER_0435,2019-10-17,75,67,10611.41,3,4,4,344,충성고객,2019-10
USER_0436,2019-12-18,13,17,2057.96,4,2,3,423,기타,2019-12
USER_0437,2019-09-09,113,70,5033.02,3,4,4,344,충성고객,2019-09
USER_0438,2019-01-15,350,22,3578.54,1,3,3,133,기타,2019-01
USER_0439,2019-11-16,45,70,10268.67,4,4,4,444,VIP고객,2019-11
USER_0440,2019-06-03,211,12,702.12,2,2,2,222,기타,2019-06
USER_0441,2019-12-18,13,86,8394.93,4,4,4,444,VIP고객,2019-12
USER_0442,2019-05-04,241,51,2338.16,1,4,3,143,기타,2019-05
USER_0443,2019-02-23,311,26,2488.44,1,3,3,133,기타,2019-02
USER_0444,2019-08-25,128,18,1124.54,3,2,2,322,기타,2019-08
USER_0445,2019-10-05,87,21,1676.47,3,2,2,322,기타,2019-10
USER_0446,2019-09-09,113,14,418.29,3,2,1,321,기타,2019-09
USER_0447,2019-12-16,15,88,20984.65,4,4,4,444,VIP고객,2019-12
USER_0448,2019-08-24,129,3,98.4,3,1,1,311,기타,2019-08
USER_0449,2019-12-13,18,12,1316.57,4,2,2,422,기타,2019-12
USER_0450,2019-10-26,66,47,4695.25,3,4,4,344,충성고객,2019-10
USER_0451,2019-12-27,4,30,4260.51,4,3,4,434,충성고객,2019-12
USER_0452,2019-06-08,206,4,321.96000000000004,2,1,1,211,기타,2019-06
USER_0453,2019-04-17,258,14,1480.57,1,2,2,122,기타,2019-04
USER_0454,2019-05-22,223,1,298.0,1,1,1,111,이탈고객,2019-05
USER_0455,2019-08-19,134,16,2260.72,2,2,3,223,기타,2019-08
USER_0456,2019-07-18,166,37,3259.15,2,3,3,233,기타,2019-07
USER_0457,2019-01-31,334,5,64.53,1,1,1,111,이탈고객,2019-01
USER_0458,2019-11-21,40,52,2953.35,4,4,3,443,기타,2019-11
USER_0459,2019-12-09,22,22,842.41,4,3,2,432,기타,2019-12
USER_0460,2019-06-22,192,11,928.35,2,2,2,222,기타,2019-06
USER_0461,2019-07-19,165,18,1744.61,2,2,2,222,기타,2019-07
USER_0462,2019-10-10,82,40,3749.59,3,3,3,333,기타,2019-10
USER_0463,2019-11-20,41,23,1745.92,4,3,2,432,기타,2019-11
USER_0464,2019-12-11,20,15,2107.21,4,2,3,423,기타,2019-12
USER_0465,2019-01-31,334,3,255.83,1,1,1,111,이탈고객,2019-01
USER_0466,2019-01-09,356,9,727.15,1,1,2,112,기타,2019-01
USER_0467,2019-09-12,110,8,1007.26,3,1,2,312,기타,2019-09
USER_0468,2019-11-12,49,9,475.43,4,1,1,411,기타,2019-11
USER_0469,2019-09-14,108,8,944.74,3,1,2,312,기타,2019-09
USER_0470,2019-10-31,61,40,3463.85,3,3,3,333,기타,2019-10
USER_0471,2019-10-27,65,8,203.5,3,1,1,311,기타,2019-10
USER_0472,2019-04-27,248,32,2952.45,1,3,3,133,기타,2019-04
USER_0473,2019-10-19,73,39,3891.18,3,3,3,333,기타,2019-10
USER_0474,2019-07-27,157,31,1120.43,2,3,2,232,기타,2019-07
USER_0475,2019-01-30,335,2,17.009999999999998,1,1,1,111,이탈고객,2019-01
USER_0476,2019-08-22,131,29,1423.74,3,3,2,332,기타,2019-08
USER_0477,2019-03-21,285,13,1090.42,1,2,2,122,기타,2019-03
USER_0478,2019-11-12,49,25,3127.02,4,3,3,433,기타,2019-11
USER_0479,2019-09-14,108,3,581.2,3,1,1,311,기타,2019-09
USER_0480,2019-03-04,302,15,911.77,1,2,2,122,기타,2019-03
USER_0481,2019-08-18,135,2,213.0,2,1,1,211,기타,2019-08
USER_0482,2019-11-29,32,241,13576.33,4,4,4,444,VIP고객,2019-11
USER_0483,2019-11-11,50,34,3057.64,4,3,3,433,기타,2019-11
USER_0484,2019-09-23,99,79,7622.34,3,4,4,344,충성고객,2019-09
USER_0485,2019-12-15,16,22,817.73,4,3,2,432,기타,2019-12
USER_0486,2019-12-12,19,23,3213.7,4,3,3,433,기타,2019-12
USER_0487,2019-10-01,91,34,2823.66,3,3,3,333,기타,2019-10
USER_0488,2019-08-14,139,29,2182.59,2,3,3,233,기타,2019-08
USER_0489,2019-09-02,120,76,4147.01,3,4,4,344,충성고객,2019-09
USER_0490,2019-10-13,79,42,2980.63,3,3,3,333,기타,2019-10
USER_0491,2019-11-03,58,24,1586.26,3,3,2,332,기타,2019-11
USER_0492,2019-06-22,192,14,1328.59,2,2,2,222,기타,2019-06
USER_0493,2019-04-13,262,11,1270.43,1,2,2,122,기타,2019-04
USER_0494,2019-10-12,80,8,1553.99,3,1,2,312,기타,2019-10
USER_0495,2019-06-20,194,4,148.46,2,1,1,211,기타,2019-06
USER_0496,2019-04-09,266,23,1522.4,1,3,2,132,기타,2019-04
USER_0497,2019-10-23,69,6,602.99,3,1,1,311,기타,2019-10
USER_0498,2019-01-20,345,28,3485.94,1,3,3,133,기타,2019-01
USER_0499,2019-08-11,142,63,3516.59,2,4,3,243,기타,2019-08
USER_0500,2019-02-08,326,34,4251.86,1,3,4,134,기타,2019-02
USER_0501,2019-11-21,40,20,1806.99,4,2,3,423,기타,2019-11
USER_0502,2019-09-06,116,46,3359.93,3,3,3,333,기타,2019-09
USER_0503,2019-10-19,73,14,2355.76,3,2,3,323,기타,2019-10
USER_0504,2019-12-31,0,8,1108.99,4,1,2,412,기타,2019-12
USER_0505,2019-12-11,20,14,604.14,4,2,1,421,기타,2019-12
USER_0506,2019-05-09,236,23,2162.29,1,3,3,133,기타,2019-05
USER_0507,2019-06-14,200,8,239.17,2,1,1,211,기타,2019-06
USER_0508,2019-09-18,104,117,10032.72,3,4,4,344,충성고객,2019-09
USER_0509,2019-04-25,250,21,1485.39,1,2,2,122,기타,2019-04
USER_0510,2019-11-27,34,47,3687.98,4,4,3,443,기타,2019-11
USER_0511,2019-09-18,104,24,1050.35,3,3,2,332,기타,2019-09
USER_0512,2019-04-11,264,5,166.0,1,1,1,111,이탈고객,2019-04
USER_0513,2019-12-31,0,9,506.88,4,1,1,411,기타,2019-12
USER_0514,2019-10-13,79,32,2785.76,3,3,3,333,기타,2019-10
USER_0515,2019-11-06,55,31,5238.47,4,3,4,434,충성고객,2019-11
USER_0516,2019-10-03,89,2,20.79,3,1,1,311,기타,2019-10
USER_0517,2019-12-03,28,32,4035.44,4,3,4,434,충성고객,2019-12
USER_0518,2019-12-14,17,42,1867.09,4,3,3,433,기타,2019-12
USER_0519,2019-05-02,243,18,684.73,1,2,2,122,기타,2019-05
USER_0520,2019-01-25,340,50,6049.35,1,4,4,144,놓치면 안되는 고객,2019-01
USER_0521,2019-10-06,86,11,805.77,3,2,2,322,기타,2019-10
USER_0522,2019-12-11,20,4,1516.02,4,1,2,412,기타,2019-12
USER_0523,2019-12-12,19,2,425.06,4,1,1,411,기타,2019-12
USER_0524,2019-12-25,6,59,8165.929999999999,4,4,4,444,VIP고객,2019-12
USER_0525,2019-12-21,10,17,1948.49,4,2,3,423,기타,2019-12
USER_0526,2019-11-29,32,15,2672.63,4,2,3,423,기타,2019-11
USER_0527,2019-08-08,145,70,5638.43,2,4,4,244,충성고객,2019-08
USER_0528,2019-04-14,261,10,351.06,1,1,1,111,이탈고객,2019-04
USER_0529,2019-03-13,293,14,1397.85,1,2,2,122,기타,2019-03
USER_0530,2019-01-21,344,4,532.69,1,1,1,111,이탈고객,2019-01
USER_0531,2019-12-04,27,19,681.47,4,2,2,422,기타,2019-12
USER_0532,2019-12-19,12,29,2684.78,4,3,3,433,기타,2019-12
USER_0533,2019-05-14,231,14,660.5,1,2,2,122,기타,2019-05
USER_0534,2019-10-12,80,4,935.0,3,1,2,312,기타,2019-10
USER_0535,2019-12-01,30,45,4781.55,4,3,4,434,충성고객,2019-12
USER_0536,2019-08-04,149,183,10635.22,2,4,4,244,충성고객,2019-08
USER_0537,2019-02-27,307,50,6169.59,1,4,4,144,놓치면 안되는 고객,2019-02
USER_0538,2019-08-25,128,26,1196.22,3,3,2,332,기타,2019-08
USER_0539,2019-05-23,222,26,882.11,1,3,2,132,기타,2019-05
USER_0540,2019-09-11,111,27,2030.27,3,3,3,333,기타,2019-09
USER_0541,2019-11-29,32,199,15527.65,4,4,4,444,VIP고객,2019-11
USER_0542,2019-11-22,39,23,1853.5,4,3,3,433,기타,2019-11
USER_0543,2019-07-13,171,10,1275.79,2,1,2,212,기타,2019-07
USER_0544,2019-10-23,69,29,4912.87,3,3,4,334,충성고객,2019-10
USER_0545,2019-12-19,12,11,1400.09,4,2,2,422,기타,2019-12
USER_0546,2019-11-14,47,75,12660.0,4,4,4,444,VIP고객,2019-11
USER_0547,2019-10-20,72,11,2655.96,3,2,3,323,기타,2019-10
USER_0548,2019-05-15,230,57,4472.32,1,4,4,144,놓치면 안되는 고객,2019-05
USER_0549,2019-10-27,65,2,313.99,3,1,1,311,기타,2019-10
USER_0550,2019-12-08,23,56,6711.04,4,4,4,444,VIP고객,2019-12
USER_0551,2019-07-19,165,23,731.03,2,3,2,232,기타,2019-07
USER_0552,2019-12-21,10,22,2001.1,4,3,3,433,기타,2019-12
USER_0553,2019-05-16,229,54,1610.43,1,4,2,142,기타,2019-05
USER_0554,2019-09-26,96,58,5319.2,3,4,4,344,충성고객,2019-09
USER_0555,2019-01-31,334,76,6717.89,1,4,4,144,놓치면 안되는 고객,2019-01
USER_0556,2019-01-30,335,1,59.83,1,1,1,111,이탈고객,2019-01
USER_0557,2019-05-04,241,38,2458.22,1,3,3,133,기타,2019-05
USER_0558,2019-12-07,24,118,9894.16,4,4,4,444,VIP고객,2019-12
USER_0559,2019-02-02,332,3,187.65,1,1,1,111,이탈고객,2019-02
USER_0560,2019-01-11,354,31,4669.8,1,3,4,134,기타,2019-01
USER_0561,2019-11-23,38,5,764.99,4,1,2,412,기타,2019-11
USER_0562,2019-12-31,0,2,724.68,4,1,2,412,기타,2019-12
USER_0563,2019-12-31,0,575,57137.79,4,4,4,444,VIP고객,2019-12
USER_0564,2019-05-11,234,1,5.59,1,1,1,111,이탈고객,2019-05
USER_0565,2019-10-31,61,1,119.0,3,1,1,311,기타,2019-10
USER_0566,2019-07-27,157,6,524.63,2,1,1,211,기타,2019-07
USER_0567,2019-06-16,198,16,3239.71,2,2,3,223,기타,2019-06
USER_0568,2019-05-19,226,36,1755.02,1,3,3,133,기타,2019-05
USER_0569,2019-12-05,26,5,622.39,4,1,1,411,기타,2019-12
USER_0570,2019-06-20,194,42,2934.31,2,3,3,233,기타,2019-06
USER_0571,2019-07-12,172,18,1129.89,2,2,2,222,기타,2019-07
USER_0572,2019-10-02,90,290,21193.18,3,4,4,344,충성고객,2019-10
USER_0573,2019-07-23,161,29,2286.59,2,3,3,233,기타,2019-07
USER_0574,2019-09-13,109,62,5420.82,3,4,4,344,충성고객,2019-09
USER_0575,2019-11-19,42,50,5706.57,4,4,4,444,VIP고객,2019-11
USER_0576,2019-11-15,46,24,4121.23,4,3,4,434,충성고객,2019-11
USER_0577,2019-12-11,20,26,4934.82,4,3,4,434,충성고객,2019-12
USER_0578,2019-09-12,110,168,26501.03,3,4,4,344,충성고객,2019-09
USER_0579,2019-08-19,134,110,5825.9,2,4,4,244,충성고객,2019-08
USER_0580,2019-08-06,147,34,2264.55,2,3,3,233,기타,2019-08
USER_0581,2019-03-21,285,15,1634.83,1,2,2,122,기타,2019-03
USER_0582,2019-01-31,334,1,153.71,1,1,1,111,이탈고객,2019-01
USER_0583,2019-10-22,70,89,7088.59,3,4,4,344,충성고객,2019-10
USER_0584,2019-05-08,237,44,3058.71,1,3,3,133,기타,2019-05
USER_0585,2019-11-29,32,58,7380.19,4,4,4,444,VIP고객,2019-11
USER_0586,2019-10-14,78,28,5197.14,3,3,4,334,충성고객,2019-10
USER_0587,2019-09-15,107,35,3504.48,3,3,3,333,기타,2019-09
USER_0588,2019-11-09,52,57,7793.33,4,4,4,444,VIP고객,2019-11
USER_0589,2019-11-16,45,91,7718.08,4,4,4,444,VIP고객,2019-11
USER_0590,2019-05-24,221,13,1714.78,1,2,2,122,기타,2019-05
USER_0591,2019-11-21,40,37,2665.54,4,3,3,433,기타,2019-11
USER_0592,2019-09-30,92,80,7306.93,3,4,4,344,충성고객,2019-09
USER_0593,2019-08-24,129,13,478.35,3,2,1,321,기타,2019-08
USER_0594,2019-06-23,191,90,6643.03,2,4,4,244,충성고객,2019-06
USER_0595,2019-01-08,357,71,8067.44,1,4,4,144,놓치면 안되는 고객,2019-01
USER_0596,2019-07-18,166,10,285.96,2,1,1,211,기타,2019-07
USER_0597,2019-11-03,58,134,10642.44,3,4,4,344,충성고객,2019-11
USER_0598,2019-12-14,17,33,3274.77,4,3,3,433,기타,2019-12
USER_0599,2019-07-12,172,8,137.41,2,1,1,211,기타,2019-07
USER_0600,2019-11-11,50,11,2084.98,4,2,3,423,기타,2019-11
USER_0601,2019-07-23,161,18,943.34,2,2,2,222,기타,2019-07
USER_0602,2019-05-14,231,19,1265.56,1,2,2,122,기타,2019-05
USER_0603,2019-12-03,28,14,1727.3,4,2,2,422,기타,2019-12
USER_0604,2019-08-23,130,35,1540.64,3,3,2,332,기타,2019-08
USER_0605,2019-08-10,143,27,2704.09,2,3,3,233,기타,2019-08
USER_0606,2019-08-09,144,7,858.71,2,1,2,212,기타,2019-08
USER_0607,2019-04-18,257,8,759.78,1,1,2,112,기타,2019-04
USER_0608,2019-09-20,102,59,5174.86,3,4,4,344,충성고객,2019-09
USER_0609,2019-09-29,93,17,1046.71,3,2,2,322,기타,2019-09
USER_0610,2019-01-29,336,20,1409.04,1,2,2,122,기타,2019-01
USER_0611,2019-11-29,32,22,2938.12,4,3,3,433,기타,2019-11
USER_0612,2019-06-20,194,2,28.78,2,1,1,211,기타,2019-06
USER_0613,2019-12-21,10,18,2759.37,4,2,3,423,기타,2019-12
USER_0614,2019-10-03,89,35,8521.199999999999,3,3,4,334,충성고객,2019-10
USER_0615,2019-10-13,79,6,480.74,3,1,1,311,기타,2019-10
USER_0616,2019-09-26,96,4,242.9,3,1,1,311,기타,2019-09
USER_0617,2019-08-12,141,9,773.36,2,1,2,212,기타,2019-08
USER_0618,2019-10-12,80,143,14233.35,3,4,4,344,충성고객,2019-10
USER_0619,2019-12-14,17,6,1123.29,4,1,2,412,기타,2019-12
USER_0620,2019-08-08,145,146,10639.37,2,4,4,244,충성고객,2019-08
USER_0621,2019-11-22,39,19,3032.65,4,2,3,423,기타,2019-11
USER_0622,2019-12-28,3,55,4559.73,4,4,4,444,VIP고객,2019-12
USER_0623,2019-02-15,319,30,2756.77,1,3,3,133,기타,2019-02
USER_0624,2019-03-27,279,2,357.0,1,1,1,111,이탈고객,2019-03
USER_0625,2019-06-14,200,18,1964.05,2,2,3,223,기타,2019-06
USER_0626,2019-08-02,151,5,281.47,2,1,1,211,기타,2019-08
USER_0627,2019-06-12,202,29,4511.28,2,3,4,234,충성고객,2019-06
USER_0628,2019-06-13,201,19,2238.19,2,2,3,223,기타,2019-06
USER_0629,2019-12-27,4,2,163.07999999999998,4,1,1,411,기타,2019-12
USER_0630,2019-11-03,58,52,4849.31,3,4,4,344,충성고객,2019-11
USER_0631,2019-12-06,25,22,1411.99,4,3,2,432,기타,2019-12
USER_0632,2019-01-30,335,3,31.33,1,1,1,111,이탈고객,2019-01
USER_0633,2019-04-07,268,1,15.19,1,1,1,111,이탈고객,2019-04
USER_0634,2019-08-07,146,16,742.32,2,2,2,222,기타,2019-08
USER_0635,2019-05-25,220,25,811.35,2,3,2,232,기타,2019-05
USER_0636,2019-06-15,199,13,916.31,2,2,2,222,기타,2019-06
USER_0637,2019-08-06,147,10,495.76,2,1,1,211,기타,2019-08
USER_0638,2019-09-30,92,3,74.8,3,1,1,311,기타,2019-09
USER_0639,2019-04-14,261,32,3304.69,1,3,3,133,기타,2019-04
USER_0640,2019-09-12,110,12,1584.05,3,2,2,322,기타,2019-09
USER_0641,2019-05-24,221,40,4543.18,1,3,4,134,기타,2019-05
USER_0642,2019-05-24,221,48,4867.66,1,4,4,144,놓치면 안되는 고객,2019-05
USER_0643,2019-12-21,10,523,48980.38,4,4,4,444,VIP고객,2019-12
USER_0644,2019-06-09,205,17,616.04,2,2,1,221,기타,2019-06
USER_0645,2019-09-24,98,15,2265.9300000000003,3,2,3,323,기타,2019-09
USER_0646,2019-04-13,262,17,722.17,1,2,2,122,기타,2019-04
USER_0647,2019-07-13,171,1,37.98,2,1,1,211,기타,2019-07
USER_0648,2019-04-29,246,10,565.58,1,1,1,111,이탈고객,2019-04
USER_0649,2019-08-01,152,41,3264.21,2,3,3,233,기타,2019-08
USER_0650,2019-11-09,52,5,1394.39,4,1,2,412,기타,2019-11
USER_0651,2019-09-08,114,16,833.71,3,2,2,322,기타,2019-09
USER_0652,2019-10-31,61,74,4383.61,3,4,4,344,충성고객,2019-10
USER_0653,2019-06-24,190,50,4557.29,2,4,4,244,충성고객,2019-06
USER_0654,2019-04-13,262,2,297.34,1,1,1,111,이탈고객,2019-04
USER_0655,2019-07-20,164,56,3150.55,2,4,3,243,기타,2019-07
USER_0656,2019-12-13,18,146,10749.9,4,4,4,444,VIP고객,2019-12
USER_0657,2019-01-09,356,54,5217.74,1,4,4,144,놓치면 안되는 고객,2019-01
USER_0658,2019-03-20,286,5,287.44,1,1,1,111,이탈고객,2019-03
USER_0659,2019-03-30,276,57,3540.88,1,4,3,143,기타,2019-03
USER_0660,2019-09-18,104,105,6550.66,3,4,4,344,충성고객,2019-09
USER_0661,2019-03-27,279,48,4556.17,1,4,4,144,놓치면 안되는 고객,2019-03
USER_0662,2019-03-10,296,14,817.16,1,2,2,122,기타,2019-03
USER_0663,2019-04-05,270,30,1769.6,1,3,3,133,기타,2019-04
USER_0664,2019-09-01,121,64,3080.57,3,4,3,343,기타,2019-09
USER_0665,2019-07-25,159,82,5753.96,2,4,4,244,충성고객,2019-07
USER_0666,2019-02-12,322,35,2354.47,1,3,3,133,기타,2019-02
USER_0667,2019-12-05,26,315,26671.3,4,4,4,444,VIP고객,2019-12
USER_0668,2019-08-16,137,134,8567.31,2,4,4,244,충성고객,2019-08
USER_0669,2019-12-12,19,49,3954.19,4,4,4,444,VIP고객,2019-12
USER_0670,2019-03-07,299,23,825.76,1,3,2,132,기타,2019-03
USER_0671,2019-10-17,75,30,3087.13,3,3,3,333,기타,2019-10
USER_0672,2019-11-16,45,22,2920.6,4,3,3,433,기타,2019-11
USER_0673,2019-12-03,28,61,5965.93,4,4,4,444,VIP고객,2019-12
USER_0674,2019-10-06,86,30,2477.19,3,3,3,333,기타,2019-10
USER_0675,2019-10-27,65,170,15151.13,3,4,4,344,충성고객,2019-10
USER_0676,2019-06-11,203,11,366.65,2,2,1,221,기타,2019-06
USER_0677,2019-01-19,346,1,204.97,1,1,1,111,이탈고객,2019-01
USER_0678,2019-10-16,76,56,4424.63,3,4,4,344,충성고객,2019-10
USER_0679,2019-11-20,41,27,4404.34,4,3,4,434,충성고객,2019-11
USER_0680,2019-03-26,280,8,533.65,1,1,1,111,이탈고객,2019-03
USER_0681,2019-12-26,5,23,2550.08,4,3,3,433,기타,2019-12
USER_0682,2019-07-23,161,39,3158.55,2,3,3,233,기타,2019-07
USER_0683,2019-08-30,123,6,1043.72,3,1,2,312,기타,2019-08
USER_0684,2019-08-01,152,5,224.55,2,1,1,211,기타,2019-08
USER_0685,2019-12-09,22,20,1181.01,4,2,2,422,기타,2019-12
USER_0686,2019-10-20,72,9,1796.47,3,1,3,313,기타,2019-10
USER_0687,2019-01-20,345,16,2592.66,1,2,3,123,기타,2019-01
USER_0688,2019-08-03,150,8,274.3,2,1,1,211,기타,2019-08
USER_0689,2019-11-29,32,19,3158.65,4,2,3,423,기타,2019-11
USER_0690,2019-06-28,186,56,2870.33,2,4,3,243,기타,2019-06
USER_0691,2019-11-18,43,80,7841.41,4,4,4,444,VIP고객,2019-11
USER_0692,2019-06-27,187,4,407.3,2,1,1,211,기타,2019-06
USER_0693,2019-07-18,166,16,377.54,2,2,1,221,기타,2019-07
USER_0694,2019-01-11,354,27,2144.61,1,3,3,133,기타,2019-01
USER_0695,2019-10-08,84,41,2514.39,3,3,3,333,기타,2019-10
USER_0696,2019-09-22,100,7,100.14,3,1,1,311,기타,2019-09
USER_0697,2019-09-30,92,11,493.56,3,2,1,321,기타,2019-09
USER_0698,2019-10-16,76,45,3625.54,3,3,3,333,기타,2019-10
USER_0699,2019-03-24,282,6,534.1800000000001,1,1,1,111,이탈고객,2019-03
USER_0700,2019-05-24,221,2,59.17999999999999,1,1,1,111,이탈고객,2019-05
USER_0701,2019-11-29,32,10,1420.53,4,1,2,412,기타,2019-11
USER_0702,2019-04-19,256,15,898.15,1,2,2,122,기타,2019-04
USER_0703,2019-12-02,29,114,23605.3,4,4,4,444,VIP고객,2019-12
USER_0704,2019-08-22,131,4,53.77,3,1,1,311,기타,2019-08
USER_0705,2019-12-26,5,3,141.67000000000002,4,1,1,411,기타,2019-12
USER_0706,2019-12-07,24,20,150.16,4,2,1,421,기타,2019-12
USER_0707,2019-06-27,187,9,329.93,2,1,1,211,기타,2019-06
USER_0708,2019-07-12,172,3,51.650000000000006,2,1,1,211,기타,2019-07
USER_0709,2019-04-20,255,23,1060.7,1,3,2,132,기타,2019-04
USER_0710,2019-10-22,70,25,577.0799999999999,3,3,1,331,기타,2019-10
USER_0711,2019-11-03,58,2,249.18,3,1,1,311,기타,2019-11
USER_0712,2019-10-20,72,28,2503.56,3,3,3,333,기타,2019-10
USER_0713,2019-04-05,270,11,304.49,1,2,1,121,기타,2019-04
USER_0714,2019-10-17,75,5,923.0,3,1,2,312,기타,2019-10
USER_0715,2019-06-20,194,16,308.27000000000004,2,2,1,221,기타,2019-06
USER_0716,2019-12-12,19,8,840.08,4,1,2,412,기타,2019-12
USER_0717,2019-11-03,58,16,1068.37,3,2,2,322,기타,2019-11
USER_0718,2019-12-19,12,88,6403.84,4,4,4,444,VIP고객,2019-12
USER_0719,2019-12-04,27,17,2195.78,4,2,3,423,기타,2019-12
USER_0720,2019-06-13,201,12,216.4,2,2,1,221,기타,2019-06
USER_0721,2019-01-20,345,17,1614.23,1,2,2,122,기타,2019-01
USER_0722,2019-09-27,95,10,1871.18,3,1,3,313,기타,2019-09
USER_0723,2019-07-23,161,6,641.8,2,1,1,211,기타,2019-07
USER_0724,2019-12-13,18,18,799.52,4,2,2,422,기타,2019-12
USER_0725,2019-07-26,158,40,3618.31,2,3,3,233,기타,2019-07
USER_0726,2019-07-06,178,21,1605.31,2,2,2,222,기타,2019-07
USER_0727,2019-10-05,87,55,3531.24,3,4,3,343,기타,2019-10
USER_0728,2019-04-17,258,26,2252.43,1,3,3,133,기타,2019-04
USER_0729,2019-09-04,118,19,513.54,3,2,1,321,기타,2019-09
USER_0730,2019-10-14,78,35,904.04,3,3,2,332,기타,2019-10
USER_0731,2019-09-10,112,61,6875.67,3,4,4,344,충성고객,2019-09
USER_0732,2019-09-20,102,39,1871.46,3,3,3,333,기타,2019-09
USER_0733,2019-01-29,336,3,335.45,1,1,1,111,이탈고객,2019-01
USER_0734,2019-03-07,299,34,3088.19,1,3,3,133,기타,2019-03
USER_0735,2019-03-06,300,5,251.97,1,1,1,111,이탈고객,2019-03
USER_0736,2019-12-19,12,587,75937.55,4,4,4,444,VIP고객,2019-12
USER_0737,2019-07-07,177,17,522.5,2,2,1,221,기타,2019-07
USER_0738,2019-09-09,113,1,44.0,3,1,1,311,기타,2019-09
USER_0739,2019-08-14,139,29,1705.27,2,3,2,232,기타,2019-08
USER_0740,2019-04-19,256,3,65.38,1,1,1,111,이탈고객,2019-04
USER_0741,2019-04-06,269,35,2590.08,1,3,3,133,기타,2019-04
USER_0742,2019-10-23,69,41,5241.87,3,3,4,334,충성고객,2019-10
USER_0743,2019-08-17,136,17,722.12,2,2,2,222,기타,2019-08
USER_0744,2019-04-07,268,5,71.59,1,1,1,111,이탈고객,2019-04
USER_0745,2019-01-10,355,5,562.03,1,1,1,111,이탈고객,2019-01
USER_0746,2019-02-14,320,53,20858.43,1,4,4,144,놓치면 안되는 고객,2019-02
USER_0747,2019-03-20,286,12,977.46,1,2,2,122,기타,2019-03
USER_0748,2019-05-24,221,115,9328.55,1,4,4,144,놓치면 안되는 고객,2019-05
USER_0749,2019-12-03,28,122,10528.4,4,4,4,444,VIP고객,2019-12
USER_0750,2019-05-12,233,7,465.16,1,1,1,111,이탈고객,2019-05
USER_0751,2019-01-22,343,16,1062.17,1,2,2,122,기타,2019-01
USER_0752,2019-11-20,41,12,2079.17,4,2,3,423,기타,2019-11
USER_0753,2019-06-20,194,8,1274.03,2,1,2,212,기타,2019-06
USER_0754,2019-08-17,136,8,67.15,2,1,1,211,기타,2019-08
USER_0755,2019-10-30,62,24,2425.33,3,3,3,333,기타,2019-10
USER_0756,2019-09-28,94,138,10083.78,3,4,4,344,충성고객,2019-09
USER_0757,2019-04-19,256,1,313.53,1,1,1,111,이탈고객,2019-04
USER_0758,2019-06-05,209,22,1714.61,2,3,2,232,기타,2019-06
USER_0759,2019-06-21,193,20,1617.73,2,2,2,222,기타,2019-06
USER_0760,2019-06-16,198,24,2787.88,2,3,3,233,기타,2019-06
USER_0761,2019-09-15,107,7,1136.48,3,1,2,312,기타,2019-09
USER_0762,2019-11-25,36,48,7344.68,4,4,4,444,VIP고객,2019-11
USER_0763,2019-12-13,18,16,582.6700000000001,4,2,1,421,기타,2019-12
USER_0764,2019-09-30,92,6,344.48,3,1,1,311,기타,2019-09
USER_0765,2019-03-15,291,87,6202.37,1,4,4,144,놓치면 안되는 고객,2019-03
USER_0766,2019-10-08,84,51,3162.69,3,4,3,343,기타,2019-10
USER_0767,2019-08-27,126,9,641.04,3,1,1,311,기타,2019-08
USER_0768,2019-11-27,34,28,5141.87,4,3,4,434,충성고객,2019-11
USER_0769,2019-05-10,235,25,1609.15,1,3,2,132,기타,2019-05
USER_0770,2019-06-11,203,26,1419.44,2,3,2,232,기타,2019-06
USER_0771,2019-07-11,173,58,6221.18,2,4,4,244,충성고객,2019-07
USER_0772,2019-07-25,159,157,12865.57,2,4,4,244,충성고객,2019-07
USER_0773,2019-10-05,87,21,1431.86,3,2,2,322,기타,2019-10
USER_0774,2019-05-23,222,1,2.99,1,1,1,111,이탈고객,2019-05
USER_0775,2019-06-13,201,8,198.01,2,1,1,211,기타,2019-06
USER_0776,2019-08-07,146,43,2413.72,2,3,3,233,기타,2019-08
USER_0777,2019-11-27,34,11,1628.37,4,2,2,422,기타,2019-11
USER_0778,2019-10-14,78,163,11345.37,3,4,4,344,충성고객,2019-10
USER_0779,2019-03-16,290,40,4171.98,1,3,4,134,기타,2019-03
USER_0780,2019-05-03,242,70,3683.47,1,4,3,143,기타,2019-05
USER_0781,2019-08-28,125,1,19.19,3,1,1,311,기타,2019-08
USER_0782,2019-06-06,208,6,132.68,2,1,1,211,기타,2019-06
USER_0783,2019-11-08,53,46,4418.95,4,3,4,434,충성고객,2019-11
USER_0784,2019-05-25,220,113,6465.1900000000005,2,4,4,244,충성고객,2019-05
USER_0785,2019-10-23,69,67,3907.95,3,4,3,343,기타,2019-10
USER_0786,2019-01-09,356,57,7840.24,1,4,4,144,놓치면 안되는 고객,2019-01
USER_0787,2019-11-18,43,27,2855.7,4,3,3,433,기타,2019-11
USER_0788,2019-09-27,95,76,8177.7,3,4,4,344,충성고객,2019-09
USER_0789,2019-06-21,193,50,5998.46,2,4,4,244,충성고객,2019-06
USER_0790,2019-09-05,117,41,3952.28,3,3,4,334,충성고객,2019-09
USER_0791,2019-01-22,343,26,2046.63,1,3,3,133,기타,2019-01
USER_0792,2019-02-10,324,31,3353.07,1,3,3,133,기타,2019-02
USER_0793,2019-11-19,42,90,7672.31,4,4,4,444,VIP고객,2019-11
USER_0794,2019-11-22,39,62,9138.48,4,4,4,444,VIP고객,2019-11
USER_0795,2019-05-15,230,96,5653.17,1,4,4,144,놓치면 안되는 고객,2019-05
USER_0796,2019-07-14,170,1,79.0,2,1,1,211,기타,2019-07
USER_0797,2019-06-14,200,22,1449.84,2,3,2,232,기타,2019-06
USER_0798,2019-08-19,134,7,199.45,2,1,1,211,기타,2019-08
USER_0799,2019-09-01,121,144,17853.21,3,4,4,344,충성고객,2019-09
USER_0800,2019-06-16,198,159,9984.91,2,4,4,244,충성고객,2019-06
USER_0801,2019-11-23,38,26,3706.75,4,3,3,433,기타,2019-11
USER_0802,2019-07-11,173,49,2637.8,2,4,3,243,기타,2019-07
USER_0803,2019-07-14,170,3,606.6,2,1,1,211,기타,2019-07
USER_0804,2019-12-11,20,12,1375.9,4,2,2,422,기타,2019-12
USER_0805,2019-11-08,53,43,3151.54,4,3,3,433,기타,2019-11
USER_0806,2019-11-14,47,157,16461.63,4,4,4,444,VIP고객,2019-11
USER_0807,2019-12-01,30,17,1370.28,4,2,2,422,기타,2019-12
USER_0808,2019-01-10,355,12,2278.9,1,2,3,123,기타,2019-01
USER_0809,2019-09-22,100,10,516.8,3,1,1,311,기타,2019-09
USER_0810,2019-08-03,150,13,887.01,2,2,2,222,기타,2019-08
USER_0811,2019-08-08,145,3,95.99,2,1,1,211,기타,2019-08
USER_0812,2019-08-30,123,50,4154.47,3,4,4,344,충성고객,2019-08
USER_0813,2019-06-19,195,31,1165.89,2,3,2,232,기타,2019-06
USER_0814,2019-08-30,123,20,895.27,3,2,2,322,기타,2019-08
USER_0815,2019-03-27,279,19,2144.52,1,2,3,123,기타,2019-03
USER_0816,2019-08-17,136,115,9632.14,2,4,4,244,충성고객,2019-08
USER_0817,2019-06-09,205,20,1246.83,2,2,2,222,기타,2019-06
USER_0818,2019-01-29,336,17,1722.59,1,2,2,122,기타,2019-01
USER_0819,2019-08-04,149,2,82.35,2,1,1,211,기타,2019-08
USER_0820,2019-12-18,13,28,4537.81,4,3,4,434,충성고객,2019-12
USER_0821,2019-04-11,264,10,590.0799999999999,1,1,1,111,이탈고객,2019-04
USER_0822,2019-11-01,60,5,1372.0,3,1,2,312,기타,2019-11
USER_0823,2019-06-12,202,2,348.5,2,1,1,211,기타,2019-06
USER_0824,2019-09-07,115,53,2028.64,3,4,3,343,기타,2019-09
USER_0825,2019-04-06,269,30,2264.78,1,3,3,133,기타,2019-04
USER_0826,2019-12-07,24,45,5393.02,4,3,4,434,충성고객,2019-12
USER_0827,2019-05-12,233,6,910.81,1,1,2,112,기타,2019-05
USER_0828,2019-12-06,25,24,2493.46,4,3,3,433,기타,2019-12
USER_0829,2019-11-21,40,48,3490.58,4,4,3,443,기타,2019-11
USER_0830,2019-11-25,36,96,8272.31,4,4,4,444,VIP고객,2019-11
USER_0831,2019-05-24,221,10,996.74,1,1,2,112,기타,2019-05
USER_0832,2019-02-17,317,38,2289.37,1,3,3,133,기타,2019-02
USER_0833,2019-12-18,13,175,15960.02,4,4,4,444,VIP고객,2019-12
USER_0834,2019-04-26,249,41,3593.17,1,3,3,133,기타,2019-04
USER_0835,2019-08-25,128,99,6835.5,3,4,4,344,충성고객,2019-08
USER_0836,2019-01-25,340,5,322.86,1,1,1,111,이탈고객,2019-01
USER_0837,2019-11-28,33,37,2087.66,4,3,3,433,기타,2019-11
USER_0838,2019-08-19,134,5,633.5,2,1,1,211,기타,2019-08
USER_0839,2019-04-18,257,21,2124.74,1,2,3,123,기타,2019-04
USER_0840,2019-01-17,348,14,1663.62,1,2,2,122,기타,2019-01
USER_0841,2019-06-20,194,4,54.6,2,1,1,211,기타,2019-06
USER_0842,2019-08-06,147,12,762.63,2,2,2,222,기타,2019-08
USER_0843,2019-10-28,64,8,562.78,3,1,1,311,기타,2019-10
USER_0844,2019-06-26,188,12,1865.98,2,2,3,223,기타,2019-06
USER_0845,2019-12-31,0,5,735.29,4,1,2,412,기타,2019-12
USER_0846,2019-06-19,195,25,2126.44,2,3,3,233,기타,2019-06
USER_0847,2019-10-17,75,1,199.0,3,1,1,311,기타,2019-10
USER_0848,2019-08-11,142,22,957.45,2,3,2,232,기타,2019-08
USER_0849,2019-04-22,253,11,1754.9,1,2,3,123,기타,2019-04
USER_0850,2019-12-30,1,210,20041.11,4,4,4,444,VIP고객,2019-12
USER_0851,2019-06-28,186,23,1145.36,2,3,2,232,기타,2019-06
USER_0852,2019-10-29,63,2,348.0,3,1,1,311,기타,2019-10
USER_0853,2019-10-14,78,17,1737.73,3,2,2,322,기타,2019-10
USER_0854,2019-06-08,206,16,919.7,2,2,2,222,기타,2019-06
USER_0855,2019-07-28,156,17,635.8,2,2,1,221,기타,2019-07
USER_0856,2019-11-27,34,29,3077.58,4,3,3,433,기타,2019-11
USER_0857,2019-09-24,98,18,1003.38,3,2,2,322,기타,2019-09
USER_0858,2019-01-29,336,2,24.68,1,1,1,111,이탈고객,2019-01
USER_0859,2019-08-26,127,15,651.1899999999999,3,2,1,321,기타,2019-08
USER_0860,2019-12-10,21,6,480.21,4,1,1,411,기타,2019-12
USER_0861,2019-07-20,164,7,137.08,2,1,1,211,기타,2019-07
USER_0862,2019-08-01,152,13,3820.01,2,2,3,223,기타,2019-08
USER_0863,2019-12-08,23,25,2564.78,4,3,3,433,기타,2019-12
USER_0864,2019-07-15,169,54,4231.45,2,4,4,244,충성고객,2019-07
USER_0865,2019-03-23,283,44,3291.96,1,3,3,133,기타,2019-03
USER_0866,2019-03-06,300,15,1959.0,1,2,3,123,기타,2019-03
USER_0867,2019-01-03,362,64,8196.41,1,4,4,144,놓치면 안되는 고객,2019-01
USER_0868,2019-12-04,27,9,1290.81,4,1,2,412,기타,2019-12
USER_0869,2019-11-03,58,138,11924.49,3,4,4,344,충성고객,2019-11
USER_0870,2019-02-23,311,106,12702.21,1,4,4,144,놓치면 안되는 고객,2019-02
USER_0871,2019-12-04,27,32,4237.22,4,3,4,434,충성고객,2019-12
USER_0872,2019-03-13,293,17,1715.68,1,2,2,122,기타,2019-03
USER_0873,2019-12-19,12,1,22.41,4,1,1,411,기타,2019-12
USER_0874,2019-02-28,306,66,9348.3,1,4,4,144,놓치면 안되는 고객,2019-02
USER_0875,2019-02-26,308,38,3464.3,1,3,3,133,기타,2019-02
USER_0876,2019-03-22,284,64,4591.77,1,4,4,144,놓치면 안되는 고객,2019-03
USER_0877,2019-03-04,302,4,366.46,1,1,1,111,이탈고객,2019-03
USER_0878,2019-11-08,53,42,5875.31,4,3,4,434,충성고객,2019-11
USER_0879,2019-08-29,124,48,3626.51,3,4,3,343,기타,2019-08
USER_0880,2019-03-06,300,49,4197.7,1,4,4,144,놓치면 안되는 고객,2019-03
USER_0881,2019-01-22,343,12,649.31,1,2,1,121,기타,2019-01
USER_0882,2019-01-21,344,21,2108.8,1,2,3,123,기타,2019-01
USER_0883,2019-09-26,96,5,1342.0,3,1,2,312,기타,2019-09
USER_0884,2019-12-07,24,18,1067.09,4,2,2,422,기타,2019-12
USER_0885,2019-12-10,21,2,7.34,4,1,1,411,기타,2019-12
USER_0886,2019-04-16,259,2,510.69,1,1,1,111,이탈고객,2019-04
USER_0887,2019-06-06,208,29,1941.84,2,3,3,233,기타,2019-06
USER_0888,2019-08-22,131,27,2337.51,3,3,3,333,기타,2019-08
USER_0889,2019-01-19,346,20,2468.64,1,2,3,123,기타,2019-01
USER_0890,2019-03-22,284,16,2101.02,1,2,3,123,기타,2019-03
USER_0891,2019-10-20,72,35,2722.48,3,3,3,333,기타,2019-10
USER_0892,2019-12-10,21,4,397.95,4,1,1,411,기타,2019-12
USER_0893,2019-07-19,165,5,305.52,2,1,1,211,기타,2019-07
USER_0894,2019-12-08,23,4,118.23,4,1,1,411,기타,2019-12
USER_0895,2019-05-26,219,81,5839.57,2,4,4,244,충성고객,2019-05
USER_0896,2019-07-22,162,17,668.17,2,2,2,222,기타,2019-07
USER_0897,2019-03-04,302,9,242.86,1,1,1,111,이탈고객,2019-03
USER_0898,2019-04-09,266,32,830.76,1,3,2,132,기타,2019-04
USER_0899,2019-05-09,236,118,8313.0,1,4,4,144,놓치면 안되는 고객,2019-05
USER_0900,2019-06-07,207,20,1603.46,2,2,2,222,기타,2019-06
USER_0901,2019-05-07,238,24,3633.12,1,3,3,133,기타,2019-05
USER_0902,2019-12-09,22,50,6053.48,4,4,4,444,VIP고객,2019-12
USER_0903,2019-08-02,151,12,452.19,2,2,1,221,기타,2019-08
USER_0904,2019-04-06,269,70,6401.0,1,4,4,144,놓치면 안되는 고객,2019-04
USER_0905,2019-11-20,41,27,946.83,4,3,2,432,기타,2019-11
USER_0906,2019-12-26,5,52,5099.61,4,4,4,444,VIP고객,2019-12
USER_0907,2019-12-16,15,29,3590.87,4,3,3,433,기타,2019-12
USER_0908,2019-09-14,108,141,7502.42,3,4,4,344,충성고객,2019-09
USER_0909,2019-08-18,135,9,208.99,2,1,1,211,기타,2019-08
USER_0910,2019-06-13,201,15,933.21,2,2,2,222,기타,2019-06
USER_0911,2019-08-19,134,6,531.48,2,1,1,211,기타,2019-08
USER_0912,2019-10-28,64,17,1030.74,3,2,2,322,기타,2019-10
USER_0913,2019-01-13,352,8,1405.67,1,1,2,112,기타,2019-01
USER_0914,2019-09-06,116,49,2556.52,3,4,3,343,기타,2019-09
USER_0915,2019-04-27,248,7,607.27,1,1,1,111,이탈고객,2019-04
USER_0916,2019-04-15,260,74,7328.62,1,4,4,144,놓치면 안되는 고객,2019-04
USER_0917,2019-03-29,277,22,2926.4500000000003,1,3,3,133,기타,2019-03
USER_0918,2019-05-24,221,17,501.56,1,2,1,121,기타,2019-05
USER_0919,2019-10-06,86,28,2073.42,3,3,3,333,기타,2019-10
USER_0920,2019-03-22,284,8,801.18,1,1,2,112,기타,2019-03
USER_0921,2019-08-01,152,2,19.69,2,1,1,211,기타,2019-08
USER_0922,2019-01-02,363,12,842.39,1,2,2,122,기타,2019-01
USER_0923,2019-12-24,7,3,759.39,4,1,2,412,기타,2019-12
USER_0924,2019-12-09,22,115,12657.84,4,4,4,444,VIP고객,2019-12
USER_0925,2019-08-16,137,10,933.75,2,1,2,212,기타,2019-08
USER_0926,2019-08-17,136,19,635.12,2,2,1,221,기타,2019-08
USER_0927,2019-11-14,47,16,889.9499999999999,4,2,2,422,기타,2019-11
USER_0928,2019-03-26,280,13,1688.01,1,2,2,122,기타,2019-03
USER_0929,2019-11-15,46,13,1211.95,4,2,2,422,기타,2019-11
USER_0930,2019-07-11,173,19,2422.28,2,2,3,223,기타,2019-07
USER_0931,2019-03-16,290,1,2.8,1,1,1,111,이탈고객,2019-03
USER_0932,2019-02-07,327,7,1045.76,1,1,2,112,기타,2019-02
USER_0933,2019-07-07,177,28,3094.39,2,3,3,233,기타,2019-07
USER_0934,2019-08-18,135,38,2354.84,2,3,3,233,기타,2019-08
USER_0935,2019-08-01,152,26,1979.83,2,3,3,233,기타,2019-08
USER_0936,2019-07-05,179,10,1128.98,2,1,2,212,기타,2019-07
USER_0937,2019-12-12,19,18,1906.26,4,2,3,423,기타,2019-12
USER_0938,2019-12-10,21,124,11501.39,4,4,4,444,VIP고객,2019-12
USER_0939,2019-04-20,255,5,105.15,1,1,1,111,이탈고객,2019-04
USER_0940,2019-10-16,76,8,497.31,3,1,1,311,기타,2019-10
USER_0941,2019-01-25,340,20,732.28,1,2,2,122,기타,2019-01
USER_0942,2019-12-03,28,36,1360.42,4,3,2,432,기타,2019-12
USER_0943,2019-05-22,223,18,814.03,1,2,2,122,기타,2019-05
USER_0944,2019-08-18,135,12,1593.39,2,2,2,222,기타,2019-08
USER_0945,2019-09-05,117,25,1396.66,3,3,2,332,기타,2019-09
USER_0946,2019-12-15,16,42,3888.67,4,3,3,433,기타,2019-12
USER_0947,2019-01-04,361,28,3799.28,1,3,3,133,기타,2019-01
USER_0948,2019-03-21,285,12,1134.02,1,2,2,122,기타,2019-03
USER_0949,2019-10-26,66,137,11173.14,3,4,4,344,충성고객,2019-10
USER_0950,2019-08-30,123,12,682.99,3,2,2,322,기타,2019-08
USER_0951,2019-09-04,118,9,838.47,3,1,2,312,기타,2019-09
USER_0952,2019-07-19,165,71,5861.48,2,4,4,244,충성고객,2019-07
USER_0953,2019-01-20,345,63,5300.43,1,4,4,144,놓치면 안되는 고객,2019-01
USER_0954,2019-01-02,363,14,1965.43,1,2,3,123,기타,2019-01
USER_0955,2019-04-10,265,21,1598.87,1,2,2,122,기타,2019-04
USER_0956,2019-07-17,167,60,4295.25,2,4,4,244,충성고객,2019-07
USER_0957,2019-05-24,221,3,663.0,1,1,2,112,기타,2019-05
USER_0958,2019-04-24,251,38,2440.73,1,3,3,133,기타,2019-04
USER_0959,2019-07-12,172,54,4202.3,2,4,4,244,충성고객,2019-07
USER_0960,2019-06-20,194,16,616.51,2,2,1,221,기타,2019-06
USER_0961,2019-01-13,352,67,6182.0,1,4,4,144,놓치면 안되는 고객,2019-01
USER_0962,2019-08-13,140,2,171.59,2,1,1,211,기타,2019-08
USER_0963,2019-07-17,167,11,775.27,2,2,2,222,기타,2019-07
USER_0964,2019-03-24,282,16,664.4599999999999,1,2,2,122,기타,2019-03
USER_0965,2019-08-15,138,35,2244.27,2,3,3,233,기타,2019-08
USER_0966,2019-08-01,152,15,391.87,2,2,1,221,기타,2019-08
USER_0967,2019-08-27,126,14,223.75,3,2,1,321,기타,2019-08
USER_0968,2019-07-22,162,21,2317.31,2,2,3,223,기타,2019-07
USER_0969,2019-09-27,95,4,184.8,3,1,1,311,기타,2019-09
USER_0970,2019-11-22,39,43,1879.22,4,3,3,433,기타,2019-11
USER_0971,2019-11-17,44,101,9196.49,4,4,4,444,VIP고객,2019-11
USER_0972,2019-12-16,15,2,605.49,4,1,1,411,기타,2019-12
USER_0973,2019-08-13,140,25,944.48,2,3,2,232,기타,2019-08
USER_0974,2019-08-17,136,8,261.87,2,1,1,211,기타,2019-08
USER_0975,2019-12-20,11,13,843.8,4,2,2,422,기타,2019-12
USER_0976,2019-09-04,118,5,62.06999999999999,3,1,1,311,기타,2019-09
USER_0977,2019-06-09,205,7,484.09,2,1,1,211,기타,2019-06
USER_0978,2019-05-06,239,37,1293.83,1,3,2,132,기타,2019-05
USER_0979,2019-12-12,19,10,1766.29,4,1,3,413,기타,2019-12
USER_0980,2019-04-04,271,21,788.36,1,2,2,122,기타,2019-04
USER_0981,2019-10-02,90,4,27.97,3,1,1,311,기타,2019-10
USER_0982,2019-05-06,239,22,1314.52,1,3,2,132,기타,2019-05
USER_0983,2019-09-26,96,60,6562.08,3,4,4,344,충성고객,2019-09
USER_0984,2019-09-05,117,14,728.72,3,2,2,322,기타,2019-09
USER_0985,2019-02-24,310,57,5175.15,1,4,4,144,놓치면 안되는 고객,2019-02
USER_0986,2019-11-30,31,10,765.38,4,1,2,412,기타,2019-11
USER_0987,2019-12-15,16,3,38.22,4,1,1,411,기타,2019-12
USER_0988,2019-11-30,31,20,1203.76,4,2,2,422,기타,2019-11
USER_0989,2019-11-03,58,48,5066.26,3,4,4,344,충성고객,2019-11
USER_0990,2019-02-23,311,21,862.27,1,2,2,122,기타,2019-02
USER_0991,2019-12-06,25,17,946.56,4,2,2,422,기타,2019-12
USER_0992,2019-12-07,24,54,4336.18,4,4,4,444,VIP고객,2019-12
USER_0993,2019-07-28,156,1,10.63,2,1,1,211,기타,2019-07
USER_0994,2019-05-23,222,46,4986.63,1,3,4,134,기타,2019-05
USER_0995,2019-05-21,224,30,1626.83,1,3,2,132,기타,2019-05
USER_0996,2019-12-28,3,62,8437.39,4,4,4,444,VIP고객,2019-12
USER_0997,2019-05-24,221,10,461.7,1,1,1,111,이탈고객,2019-05
USER_0998,2019-06-14,200,40,2411.36,2,3,3,233,기타,2019-06
USER_0999,2019-08-02,151,8,371.42,2,1,1,211,기타,2019-08
USER_1000,2019-10-11,81,59,4577.4,3,4,4,344,충성고객,2019-10
USER_1001,2019-08-30,123,6,29.48,3,1,1,311,기타,2019-08
USER_1002,2019-11-05,56,41,5839.56,3,3,4,334,충성고객,2019-11
USER_1003,2019-10-27,65,27,2915.33,3,3,3,333,기타,2019-10
USER_1004,2019-06-01,213,22,1821.65,2,3,3,233,기타,2019-06
USER_1005,2019-08-26,127,1,9.6,3,1,1,311,기타,2019-08
USER_1006,2019-08-28,125,53,4309.42,3,4,4,344,충성고객,2019-08
USER_1007,2019-01-24,341,13,2068.01,1,2,3,123,기타,2019-01
USER_1008,2019-12-07,24,31,2465.93,4,3,3,433,기타,2019-12
USER_1009,2019-04-18,257,5,71.94,1,1,1,111,이탈고객,2019-04
USER_1010,2019-04-16,259,60,7195.6,1,4,4,144,놓치면 안되는 고객,2019-04
USER_1011,2019-11-18,43,26,1935.02,4,3,3,433,기타,2019-11
USER_1012,2019-12-29,2,39,3572.82,4,3,3,433,기타,2019-12
USER_1013,2019-10-23,69,14,1246.76,3,2,2,322,기타,2019-10
USER_1014,2019-07-21,163,1,10.5,2,1,1,211,기타,2019-07
USER_1015,2019-06-20,194,30,3412.16,2,3,3,233,기타,2019-06
USER_1016,2019-01-29,336,12,1602.37,1,2,2,122,기타,2019-01
USER_1017,2019-08-10,143,33,1574.66,2,3,2,232,기타,2019-08
USER_1018,2019-03-14,292,51,3387.79,1,4,3,143,기타,2019-03
USER_1019,2019-08-02,151,11,613.75,2,2,1,221,기타,2019-08
USER_1020,2019-01-07,358,5,449.34,1,1,1,111,이탈고객,2019-01
USER_1021,2019-05-31,214,18,5843.09,2,2,4,224,기타,2019-05
USER_1022,2019-08-23,130,2,496.71,3,1,1,311,기타,2019-08
USER_1023,2019-05-30,215,16,1432.59,2,2,2,222,기타,2019-05
USER_1024,2019-10-12,80,64,3517.33,3,4,3,343,기타,2019-10
USER_1025,2019-06-19,195,21,2320.93,2,2,3,223,기타,2019-06
USER_1026,2019-05-01,244,3,63.64,1,1,1,111,이탈고객,2019-05
USER_1027,2019-08-01,152,26,2099.09,2,3,3,233,기타,2019-08
USER_1028,2019-12-04,27,18,1903.18,4,2,3,423,기타,2019-12
USER_1029,2019-04-19,256,1,223.95,1,1,1,111,이탈고객,2019-04
USER_1030,2019-01-05,360,14,1890.33,1,2,3,123,기타,2019-01
USER_1031,2019-09-05,117,1,1.59,3,1,1,311,기타,2019-09
USER_1032,2019-04-10,265,6,55.84,1,1,1,111,이탈고객,2019-04
USER_1033,2019-07-21,163,9,952.78,2,1,2,212,기타,2019-07
USER_1034,2019-06-28,186,9,879.08,2,1,2,212,기타,2019-06
USER_1035,2019-12-05,26,18,3069.57,4,2,3,423,기타,2019-12
USER_1036,2019-10-03,89,35,4979.54,3,3,4,334,충성고객,2019-10
USER_1037,2019-01-30,335,8,1058.42,1,1,2,112,기타,2019-01
USER_1038,2019-09-02,120,12,278.89,3,2,1,321,기타,2019-09
USER_1039,2019-03-16,290,9,652.8199999999999,1,1,2,112,기타,2019-03
USER_1040,2019-08-22,131,39,2218.55,3,3,3,333,기타,2019-08
USER_1041,2019-11-03,58,11,114.52,3,2,1,321,기타,2019-11
USER_1042,2019-03-14,292,8,970.97,1,1,2,112,기타,2019-03
USER_1043,2019-10-14,78,4,17.99,3,1,1,311,기타,2019-10
USER_1044,2019-05-10,235,9,957.36,1,1,2,112,기타,2019-05
USER_1045,2019-09-14,108,52,3475.8,3,4,3,343,기타,2019-09
USER_1046,2019-07-28,156,29,723.89,2,3,2,232,기타,2019-07
USER_1047,2019-04-05,270,3,77.55,1,1,1,111,이탈고객,2019-04
USER_1048,2019-12-17,14,57,5613.14,4,4,4,444,VIP고객,2019-12
USER_1049,2019-07-04,180,87,7985.74,2,4,4,244,충성고객,2019-07
USER_1050,2019-11-09,52,52,4047.48,4,4,4,444,VIP고객,2019-11
USER_1051,2019-08-22,131,20,1365.95,3,2,2,322,기타,2019-08
USER_1052,2019-12-08,23,60,3082.83,4,4,3,443,기타,2019-12
USER_1053,2019-05-31,214,75,4220.83,2,4,4,244,충성고객,2019-05
USER_1054,2019-06-27,187,1,12.99,2,1,1,211,기타,2019-06
USER_1055,2019-07-07,177,106,7977.66,2,4,4,244,충성고객,2019-07
USER_1056,2019-11-01,60,93,10834.28,3,4,4,344,충성고객,2019-11
USER_1057,2019-12-10,21,1,48.92,4,1,1,411,기타,2019-12
USER_1058,2019-12-13,18,18,1084.58,4,2,2,422,기타,2019-12
USER_1059,2019-02-22,312,45,4459.02,1,3,4,134,기타,2019-02
USER_1060,2019-07-21,163,60,5588.96,2,4,4,244,충성고객,2019-07
USER_1061,2019-05-24,221,42,2260.16,1,3,3,133,기타,2019-05
USER_1062,2019-12-26,5,133,11185.9,4,4,4,444,VIP고객,2019-12
USER_1063,2019-05-16,229,20,539.36,1,2,1,121,기타,2019-05
USER_1064,2019-04-30,245,46,3456.0,1,3,3,133,기타,2019-04
USER_1065,2019-10-16,76,14,1919.65,3,2,3,323,기타,2019-10
USER_1066,2019-08-10,143,47,2992.72,2,4,3,243,기타,2019-08
USER_1067,2019-06-15,199,30,2175.7,2,3,3,233,기타,2019-06
USER_1068,2019-12-30,1,58,5324.03,4,4,4,444,VIP고객,2019-12
USER_1069,2019-09-05,117,47,3074.24,3,4,3,343,기타,2019-09
USER_1070,2019-12-19,12,19,1695.69,4,2,2,422,기타,2019-12
USER_1071,2019-01-21,344,9,964.58,1,1,2,112,기타,2019-01
USER_1072,2019-01-30,335,2,136.79,1,1,1,111,이탈고객,2019-01
USER_1073,2019-11-17,44,16,1687.11,4,2,2,422,기타,2019-11
USER_1074,2019-10-20,72,7,876.0699999999999,3,1,2,312,기타,2019-10
USER_1075,2019-11-10,51,50,6433.58,4,4,4,444,VIP고객,2019-11
USER_1076,2019-11-24,37,67,8597.52,4,4,4,444,VIP고객,2019-11
USER_1077,2019-12-13,18,105,10926.69,4,4,4,444,VIP고객,2019-12
USER_1078,2019-08-29,124,30,2843.75,3,3,3,333,기타,2019-08
USER_1079,2019-12-10,21,75,5490.54,4,4,4,444,VIP고객,2019-12
USER_1080,2019-04-19,256,19,2003.57,1,2,3,123,기타,2019-04
USER_1081,2019-11-06,55,119,9923.52,4,4,4,444,VIP고객,2019-11
USER_1082,2019-08-21,132,53,3151.44,2,4,3,243,기타,2019-08
USER_1083,2019-04-18,257,66,4596.3,1,4,4,144,놓치면 안되는 고객,2019-04
USER_1084,2019-05-31,214,55,3671.78,2,4,3,243,기타,2019-05
USER_1085,2019-05-23,222,1,31.35,1,1,1,111,이탈고객,2019-05
USER_1086,2019-05-26,219,15,1865.73,2,2,3,223,기타,2019-05
USER_1087,2019-12-16,15,92,7502.61,4,4,4,444,VIP고객,2019-12
USER_1088,2019-11-26,35,20,2828.18,4,2,3,423,기타,2019-11
USER_1089,2019-06-02,212,19,1617.97,2,2,2,222,기타,2019-06
USER_1090,2019-08-10,143,18,1287.86,2,2,2,222,기타,2019-08
USER_1091,2019-01-16,349,5,227.87,1,1,1,111,이탈고객,2019-01
USER_1092,2019-11-27,34,26,1525.44,4,3,2,432,기타,2019-11
USER_1093,2019-09-07,115,19,1716.15,3,2,2,322,기타,2019-09
USER_1094,2019-08-14,139,19,1491.73,2,2,2,222,기타,2019-08
USER_1095,2019-04-07,268,13,552.4300000000001,1,2,1,121,기타,2019-04
USER_1096,2019-03-16,290,2,15.9,1,1,1,111,이탈고객,2019-03
USER_1097,2019-05-22,223,10,1165.85,1,1,2,112,기타,2019-05
USER_1098,2019-07-09,175,70,2919.35,2,4,3,243,기타,2019-07
USER_1099,2019-08-17,136,28,2884.51,2,3,3,233,기타,2019-08
USER_1100,2019-11-04,57,1,238.0,3,1,1,311,기타,2019-11
USER_1101,2019-02-01,333,17,2263.9,1,2,3,123,기타,2019-02
USER_1102,2019-06-29,185,30,3917.61,2,3,3,233,기타,2019-06
USER_1103,2019-08-02,151,48,4358.68,2,4,4,244,충성고객,2019-08
USER_1104,2019-02-02,332,69,7011.16,1,4,4,144,놓치면 안되는 고객,2019-02
USER_1105,2019-09-28,94,1,41.56,3,1,1,311,기타,2019-09
USER_1106,2019-03-30,276,45,3705.44,1,3,3,133,기타,2019-03
USER_1107,2019-11-22,39,30,3701.42,4,3,3,433,기타,2019-11
USER_1108,2019-04-18,257,33,2736.16,1,3,3,133,기타,2019-04
USER_1109,2019-05-30,215,16,785.05,2,2,2,222,기타,2019-05
USER_1110,2019-09-21,101,76,6240.42,3,4,4,344,충성고객,2019-09
USER_1111,2019-02-01,333,10,1051.4,1,1,2,112,기타,2019-02
USER_1112,2019-04-20,255,34,3413.72,1,3,3,133,기타,2019-04
USER_1113,2019-09-30,92,13,1042.57,3,2,2,322,기타,2019-09
USER_1114,2019-01-23,342,50,3030.19,1,4,3,143,기타,2019-01
USER_1115,2019-11-04,57,31,2531.16,3,3,3,333,기타,2019-11
USER_1116,2019-05-31,214,65,6842.06,2,4,4,244,충성고객,2019-05
USER_1117,2019-11-22,39,125,14536.81,4,4,4,444,VIP고객,2019-11
USER_1118,2019-02-04,330,14,501.27,1,2,1,121,기타,2019-02
USER_1119,2019-05-15,230,2,26.69,1,1,1,111,이탈고객,2019-05
USER_1120,2019-10-03,89,11,1456.03,3,2,2,322,기타,2019-10
USER_1121,2019-10-07,85,129,10893.07,3,4,4,344,충성고객,2019-10
USER_1122,2019-12-21,10,14,2093.58,4,2,3,423,기타,2019-12
USER_1123,2019-10-26,66,21,1412.52,3,2,2,322,기타,2019-10
USER_1124,2019-06-22,192,19,1007.93,2,2,2,222,기타,2019-06
USER_1125,2019-09-15,107,5,613.85,3,1,1,311,기타,2019-09
USER_1126,2019-11-08,53,5,822.99,4,1,2,412,기타,2019-11
USER_1127,2019-03-24,282,3,153.0,1,1,1,111,이탈고객,2019-03
USER_1128,2019-06-03,211,12,389.84,2,2,1,221,기타,2019-06
USER_1129,2019-08-06,147,16,1261.72,2,2,2,222,기타,2019-08
USER_1130,2019-10-11,81,23,1093.49,3,3,2,332,기타,2019-10
USER_1131,2019-12-12,19,33,3897.39,4,3,3,433,기타,2019-12
USER_1132,2019-12-14,17,2,43.62,4,1,1,411,기타,2019-12
USER_1133,2019-01-30,335,1,17.53,1,1,1,111,이탈고객,2019-01
USER_1134,2019-07-13,171,6,316.17,2,1,1,211,기타,2019-07
USER_1135,2019-12-19,12,8,673.54,4,1,2,412,기타,2019-12
USER_1136,2019-10-17,75,32,1556.63,3,3,2,332,기타,2019-10
USER_1137,2019-07-12,172,13,1220.69,2,2,2,222,기타,2019-07
USER_1138,2019-06-01,213,75,6860.5,2,4,4,244,충성고객,2019-06
USER_1139,2019-09-14,108,6,648.77,3,1,1,311,기타,2019-09
USER_1140,2019-08-27,126,90,7769.96,3,4,4,344,충성고객,2019-08
USER_1141,2019-01-14,351,5,1114.17,1,1,2,112,기타,2019-01
USER_1142,2019-02-20,314,3,138.78,1,1,1,111,이탈고객,2019-02
USER_1143,2019-11-01,60,43,3428.23,3,3,3,333,기타,2019-11
USER_1144,2019-06-07,207,8,400.13,2,1,1,211,기타,2019-06
USER_1145,2019-12-07,24,18,1640.08,4,2,2,422,기타,2019-12
USER_1146,2019-05-24,221,18,617.93,1,2,1,121,기타,2019-05
USER_1147,2019-06-12,202,3,46.97,2,1,1,211,기타,2019-06
USER_1148,2019-10-05,87,16,1178.13,3,2,2,322,기타,2019-10
USER_1149,2019-02-18,316,117,8664.0,1,4,4,144,놓치면 안되는 고객,2019-02
USER_1150,2019-11-22,39,71,5638.45,4,4,4,444,VIP고객,2019-11
USER_1151,2019-09-07,115,23,3340.4,3,3,3,333,기타,2019-09
USER_1152,2019-11-29,32,69,6320.86,4,4,4,444,VIP고객,2019-11
USER_1153,2019-07-14,170,30,2242.58,2,3,3,233,기타,2019-07
USER_1154,2019-12-15,16,17,1252.86,4,2,2,422,기타,2019-12
USER_1155,2019-10-31,61,18,324.87,3,2,1,321,기타,2019-10
USER_1156,2019-04-23,252,7,1064.77,1,1,2,112,기타,2019-04
USER_1157,2019-10-27,65,24,374.63,3,3,1,331,기타,2019-10
USER_1158,2019-07-06,178,86,5169.92,2,4,4,244,충성고객,2019-07
USER_1159,2019-07-08,176,2,92.59,2,1,1,211,기타,2019-07
USER_1160,2019-10-23,69,53,2727.92,3,4,3,343,기타,2019-10
USER_1161,2019-10-27,65,15,1698.13,3,2,2,322,기타,2019-10
USER_1162,2019-08-22,131,17,648.09,3,2,1,321,기타,2019-08
USER_1163,2019-09-23,99,63,5761.46,3,4,4,344,충성고객,2019-09
USER_1164,2019-12-30,1,38,5001.66,4,3,4,434,충성고객,2019-12
USER_1165,2019-08-08,145,29,2606.91,2,3,3,233,기타,2019-08
USER_1166,2019-10-30,62,10,1766.84,3,1,3,313,기타,2019-10
USER_1167,2019-05-05,240,63,6308.68,1,4,4,144,놓치면 안되는 고객,2019-05
USER_1168,2019-08-09,144,14,913.56,2,2,2,222,기타,2019-08
USER_1169,2019-01-31,334,9,1409.0,1,1,2,112,기타,2019-01
USER_1170,2019-06-15,199,16,1762.76,2,2,3,223,기타,2019-06
USER_1171,2019-12-04,27,18,858.22,4,2,2,422,기타,2019-12
USER_1172,2019-05-29,216,25,2036.53,2,3,3,233,기타,2019-05
USER_1173,2019-05-17,228,20,1806.74,1,2,3,123,기타,2019-05
USER_1174,2019-11-16,45,55,5982.82,4,4,4,444,VIP고객,2019-11
USER_1175,2019-01-07,358,2,327.01,1,1,1,111,이탈고객,2019-01
USER_1176,2019-11-20,41,37,3283.74,4,3,3,433,기타,2019-11
USER_1177,2019-06-12,202,38,3678.67,2,3,3,233,기타,2019-06
USER_1178,2019-03-16,290,72,7138.1,1,4,4,144,놓치면 안되는 고객,2019-03
USER_1179,2019-05-25,220,28,1366.42,2,3,2,232,기타,2019-05
USER_1180,2019-04-17,258,77,9041.38,1,4,4,144,놓치면 안되는 고객,2019-04
USER_1181,2019-07-06,178,3,347.0,2,1,1,211,기타,2019-07
USER_1182,2019-07-12,172,75,4559.27,2,4,4,244,충성고객,2019-07
USER_1183,2019-11-11,50,53,3592.12,4,4,3,443,기타,2019-11
USER_1184,2019-12-19,12,27,1797.6699999999998,4,3,3,433,기타,2019-12
USER_1185,2019-08-11,142,119,7237.5,2,4,4,244,충성고객,2019-08
USER_1186,2019-11-28,33,69,7493.31,4,4,4,444,VIP고객,2019-11
USER_1187,2019-12-14,17,49,7563.25,4,4,4,444,VIP고객,2019-12
USER_1188,2019-12-22,9,21,2268.64,4,2,3,423,기타,2019-12
USER_1189,2019-03-05,301,10,247.58,1,1,1,111,이탈고객,2019-03
USER_1190,2019-12-06,25,48,3906.47,4,4,3,443,기타,2019-12
USER_1191,2019-12-12,19,60,6145.36,4,4,4,444,VIP고객,2019-12
USER_1192,2019-09-26,96,85,6446.55,3,4,4,344,충성고객,2019-09
USER_1193,2019-01-23,342,10,1832.21,1,1,3,113,기타,2019-01
USER_1194,2019-10-23,69,33,2370.66,3,3,3,333,기타,2019-10
USER_1195,2019-10-04,88,86,9242.55,3,4,4,344,충성고객,2019-10
USER_1196,2019-11-27,34,16,2683.25,4,2,3,423,기타,2019-11
USER_1197,2019-10-05,87,64,5805.63,3,4,4,344,충성고객,2019-10
USER_1198,2019-05-03,242,39,1849.01,1,3,3,133,기타,2019-05
USER_1199,2019-12-01,30,12,934.22,4,2,2,422,기타,2019-12
USER_1200,2019-03-11,295,87,5208.55,1,4,4,144,놓치면 안되는 고객,2019-03
USER_1201,2019-04-05,270,2,9.57,1,1,1,111,이탈고객,2019-04
USER_1202,2019-10-03,89,52,4044.53,3,4,4,344,충성고객,2019-10
USER_1203,2019-08-05,148,131,6161.88,2,4,4,244,충성고객,2019-08
USER_1204,2019-03-21,285,22,1810.09,1,3,3,133,기타,2019-03
USER_1205,2019-09-11,111,12,1286.34,3,2,2,322,기타,2019-09
USER_1206,2019-12-24,7,1,121.3,4,1,1,411,기타,2019-12
USER_1207,2019-12-27,4,25,2222.37,4,3,3,433,기타,2019-12
USER_1208,2019-05-16,229,53,2551.54,1,4,3,143,기타,2019-05
USER_1209,2019-11-03,58,9,154.56,3,1,1,311,기타,2019-11
USER_1210,2019-04-19,256,1,19.19,1,1,1,111,이탈고객,2019-04
USER_1211,2019-11-07,54,24,3829.99,4,3,3,433,기타,2019-11
USER_1212,2019-12-04,27,26,3310.2000000000003,4,3,3,433,기타,2019-12
USER_1213,2019-12-26,5,85,7908.99,4,4,4,444,VIP고객,2019-12
USER_1214,2019-03-18,288,22,1443.94,1,3,2,132,기타,2019-03
USER_1215,2019-08-22,131,17,1600.54,3,2,2,322,기타,2019-08
USER_1216,2019-11-21,40,16,2504.42,4,2,3,423,기타,2019-11
USER_1217,2019-12-20,11,10,1632.35,4,1,2,412,기타,2019-12
USER_1218,2019-12-15,16,260,35574.46,4,4,4,444,VIP고객,2019-12
USER_1219,2019-08-24,129,122,6577.44,3,4,4,344,충성고객,2019-08
USER_1220,2019-04-18,257,4,22.4,1,1,1,111,이탈고객,2019-04
USER_1221,2019-07-11,173,137,9917.45,2,4,4,244,충성고객,2019-07
USER_1222,2019-04-03,272,161,10778.87,1,4,4,144,놓치면 안되는 고객,2019-04
USER_1223,2019-07-05,179,17,1015.81,2,2,2,222,기타,2019-07
USER_1224,2019-06-05,209,47,3093.93,2,4,3,243,기타,2019-06
USER_1225,2019-12-05,26,19,1901.83,4,2,3,423,기타,2019-12
USER_1226,2019-07-03,181,42,4716.12,2,3,4,234,충성고객,2019-07
USER_1227,2019-12-16,15,12,927.1,4,2,2,422,기타,2019-12
USER_1228,2019-09-30,92,52,1789.28,3,4,3,343,기타,2019-09
USER_1229,2019-08-18,135,79,4207.37,2,4,4,244,충성고객,2019-08
USER_1230,2019-10-27,65,42,2677.87,3,3,3,333,기타,2019-10
USER_1231,2019-05-19,226,8,1295.06,1,1,2,112,기타,2019-05
USER_1232,2019-11-03,58,95,8320.27,3,4,4,344,충성고객,2019-11
USER_1233,2019-11-28,33,17,2102.23,4,2,3,423,기타,2019-11
USER_1234,2019-12-03,28,43,4137.15,4,3,4,434,충성고객,2019-12
USER_1235,2019-12-09,22,13,461.87,4,2,1,421,기타,2019-12
USER_1236,2019-06-29,185,45,3927.41,2,3,4,234,충성고객,2019-06
USER_1237,2019-12-22,9,19,2740.3,4,2,3,423,기타,2019-12
USER_1238,2019-12-03,28,17,2522.31,4,2,3,423,기타,2019-12
USER_1239,2019-12-28,3,62,7374.16,4,4,4,444,VIP고객,2019-12
USER_1240,2019-01-31,334,3,22.47,1,1,1,111,이탈고객,2019-01
USER_1241,2019-07-13,171,37,6413.77,2,3,4,234,충성고객,2019-07
USER_1242,2019-09-02,120,27,1941.49,3,3,3,333,기타,2019-09
USER_1243,2019-11-17,44,48,4399.71,4,4,4,444,VIP고객,2019-11
USER_1244,2019-08-28,125,116,6636.1,3,4,4,344,충성고객,2019-08
USER_1245,2019-04-13,262,2,161.44,1,1,1,111,이탈고객,2019-04
USER_1246,2019-06-22,192,21,1956.61,2,2,3,223,기타,2019-06
USER_1247,2019-09-27,95,12,1025.39,3,2,2,322,기타,2019-09
USER_1248,2019-09-20,102,37,2082.58,3,3,3,333,기타,2019-09
USER_1249,2019-01-02,363,7,544.02,1,1,1,111,이탈고객,2019-01
USER_1250,2019-08-17,136,50,2181.82,2,4,3,243,기타,2019-08
USER_1251,2019-04-15,260,5,1290.0,1,1,2,112,기타,2019-04
USER_1252,2019-11-25,36,43,6629.53,4,3,4,434,충성고객,2019-11
USER_1253,2019-04-19,256,1,219.45,1,1,1,111,이탈고객,2019-04
USER_1254,2019-12-13,18,5,827.71,4,1,2,412,기타,2019-12
USER_1255,2019-06-05,209,73,6762.36,2,4,4,244,충성고객,2019-06
USER_1256,2019-08-17,136,74,2537.56,2,4,3,243,기타,2019-08
USER_1257,2019-06-04,210,9,1042.56,2,1,2,212,기타,2019-06
USER_1258,2019-04-19,256,17,807.62,1,2,2,122,기타,2019-04
USER_1259,2019-12-20,11,8,802.0,4,1,2,412,기타,2019-12
USER_1260,2019-10-26,66,8,472.97,3,1,1,311,기타,2019-10
USER_1261,2019-11-26,35,94,10314.9,4,4,4,444,VIP고객,2019-11
USER_1262,2019-03-19,287,11,896.96,1,2,2,122,기타,2019-03
USER_1263,2019-09-15,107,13,262.71000000000004,3,2,1,321,기타,2019-09
USER_1264,2019-06-12,202,10,258.0,2,1,1,211,기타,2019-06
USER_1265,2019-10-01,91,27,2162.99,3,3,3,333,기타,2019-10
USER_1266,2019-12-20,11,45,5717.79,4,3,4,434,충성고객,2019-12
USER_1267,2019-12-10,21,213,17777.3,4,4,4,444,VIP고객,2019-12
USER_1268,2019-10-26,66,31,2649.03,3,3,3,333,기타,2019-10
USER_1269,2019-12-22,9,11,1011.91,4,2,2,422,기타,2019-12
USER_1270,2019-05-22,223,19,1544.75,1,2,2,122,기타,2019-05
USER_1271,2019-05-17,228,6,241.68,1,1,1,111,이탈고객,2019-05
USER_1272,2019-06-06,208,9,350.28,2,1,1,211,기타,2019-06
USER_1273,2019-05-23,222,7,511.04,1,1,1,111,이탈고객,2019-05
USER_1274,2019-04-22,253,65,5284.69,1,4,4,144,놓치면 안되는 고객,2019-04
USER_1275,2019-11-12,49,8,323.75,4,1,1,411,기타,2019-11
USER_1276,2019-01-25,340,2,161.13,1,1,1,111,이탈고객,2019-01
USER_1277,2019-01-03,362,7,564.03,1,1,1,111,이탈고객,2019-01
USER_1278,2019-06-09,205,43,2483.56,2,3,3,233,기타,2019-06
USER_1279,2019-01-31,334,13,1100.31,1,2,2,122,기타,2019-01
USER_1280,2019-08-09,144,49,3507.91,2,4,3,243,기타,2019-08
USER_1281,2019-12-12,19,4,206.89,4,1,1,411,기타,2019-12
USER_1282,2019-01-26,339,27,1244.36,1,3,2,132,기타,2019-01
USER_1283,2019-08-21,132,29,1757.41,2,3,3,233,기타,2019-08
USER_1284,2019-01-09,356,4,152.39999999999998,1,1,1,111,이탈고객,2019-01
USER_1285,2019-09-19,103,44,6054.25,3,3,4,334,충성고객,2019-09
USER_1286,2019-11-30,31,44,4630.33,4,3,4,434,충성고객,2019-11
USER_1287,2019-08-31,122,65,5076.68,3,4,4,344,충성고객,2019-08
USER_1288,2019-07-24,160,28,3145.5,2,3,3,233,기타,2019-07
USER_1289,2019-11-03,58,99,5723.61,3,4,4,344,충성고객,2019-11
USER_1290,2019-07-13,171,26,755.18,2,3,2,232,기타,2019-07
USER_1291,2019-03-08,298,60,4398.73,1,4,4,144,놓치면 안되는 고객,2019-03
USER_1292,2019-09-25,97,103,11731.93,3,4,4,344,충성고객,2019-09
USER_1293,2019-12-02,29,27,3905.86,4,3,3,433,기타,2019-12
USER_1294,2019-09-07,115,100,6573.85,3,4,4,344,충성고객,2019-09
USER_1295,2019-10-09,83,193,16896.51,3,4,4,344,충성고객,2019-10
USER_1296,2019-03-19,287,1,119.0,1,1,1,111,이탈고객,2019-03
USER_1297,2019-05-11,234,53,2353.19,1,4,3,143,기타,2019-05
USER_1298,2019-12-01,30,77,5797.21,4,4,4,444,VIP고객,2019-12
USER_1299,2019-11-29,32,15,2412.56,4,2,3,423,기타,2019-11
USER_1300,2019-08-17,136,12,1211.55,2,2,2,222,기타,2019-08
USER_1301,2019-06-12,202,1,15.99,2,1,1,211,기타,2019-06
USER_1302,2019-07-28,156,74,3755.6,2,4,3,243,기타,2019-07
USER_1303,2019-01-12,353,8,577.8,1,1,1,111,이탈고객,2019-01
USER_1304,2019-10-05,87,1,13.59,3,1,1,311,기타,2019-10
USER_1305,2019-04-18,257,9,911.74,1,1,2,112,기타,2019-04
USER_1306,2019-06-20,194,11,233.2,2,2,1,221,기타,2019-06
USER_1307,2019-06-21,193,17,1501.54,2,2,2,222,기타,2019-06
USER_1308,2019-04-18,257,17,324.24,1,2,1,121,기타,2019-04
USER_1309,2019-12-18,13,41,4878.26,4,3,4,434,충성고객,2019-12
USER_1310,2019-10-11,81,44,7793.31,3,3,4,334,충성고객,2019-10
USER_1311,2019-03-04,302,11,400.88,1,2,1,121,기타,2019-03
USER_1312,2019-12-04,27,61,5087.36,4,4,4,444,VIP고객,2019-12
USER_1313,2019-04-05,270,15,982.04,1,2,2,122,기타,2019-04
USER_1314,2019-10-23,69,44,3120.59,3,3,3,333,기타,2019-10
USER_1315,2019-03-13,293,18,1067.61,1,2,2,122,기타,2019-03
USER_1316,2019-12-27,4,41,3337.82,4,3,3,433,기타,2019-12
USER_1317,2019-09-11,111,76,6768.68,3,4,4,344,충성고객,2019-09
USER_1318,2019-06-21,193,19,488.93,2,2,1,221,기타,2019-06
USER_1319,2019-06-08,206,25,2803.5,2,3,3,233,기타,2019-06
USER_1320,2019-08-01,152,8,969.96,2,1,2,212,기타,2019-08
USER_1321,2019-04-19,256,3,37.17,1,1,1,111,이탈고객,2019-04
USER_1322,2019-04-17,258,5,552.65,1,1,1,111,이탈고객,2019-04
USER_1323,2019-03-29,277,28,2284.84,1,3,3,133,기타,2019-03
USER_1324,2019-08-04,149,3,23.03,2,1,1,211,기타,2019-08
USER_1325,2019-09-20,102,26,3031.16,3,3,3,333,기타,2019-09
USER_1326,2019-10-05,87,10,517.0600000000001,3,1,1,311,기타,2019-10
USER_1327,2019-03-20,286,1,48.99,1,1,1,111,이탈고객,2019-03
USER_1328,2019-11-03,58,80,5675.56,3,4,4,344,충성고객,2019-11
USER_1329,2019-10-23,69,18,1172.23,3,2,2,322,기타,2019-10
USER_1330,2019-01-17,348,18,1845.71,1,2,3,123,기타,2019-01
USER_1331,2019-10-30,62,57,6762.68,3,4,4,344,충성고객,2019-10
USER_1332,2019-08-16,137,12,673.38,2,2,2,222,기타,2019-08
USER_1333,2019-08-17,136,13,1086.84,2,2,2,222,기타,2019-08
USER_1334,2019-09-30,92,51,2315.08,3,4,3,343,기타,2019-09
USER_1335,2019-06-12,202,1,158.0,2,1,1,211,기타,2019-06
USER_1336,2019-11-14,47,123,7777.24,4,4,4,444,VIP고객,2019-11
USER_1337,2019-01-13,352,9,870.62,1,1,2,112,기타,2019-01
USER_1338,2019-10-06,86,34,3913.73,3,3,3,333,기타,2019-10
USER_1339,2019-09-28,94,22,2128.8,3,3,3,333,기타,2019-09
USER_1340,2019-11-02,59,28,2099.2200000000003,3,3,3,333,기타,2019-11
USER_1341,2019-09-27,95,79,7011.13,3,4,4,344,충성고객,2019-09
USER_1342,2019-06-25,189,24,1910.54,2,3,3,233,기타,2019-06
USER_1343,2019-11-23,38,78,9722.67,4,4,4,444,VIP고객,2019-11
USER_1344,2019-10-14,78,119,9188.15,3,4,4,344,충성고객,2019-10
USER_1345,2019-08-10,143,12,479.97,2,2,1,221,기타,2019-08
USER_1346,2019-01-24,341,12,616.57,1,2,1,121,기타,2019-01
USER_1347,2019-02-04,330,15,797.12,1,2,2,122,기타,2019-02
USER_1348,2019-12-11,20,121,13236.99,4,4,4,444,VIP고객,2019-12
USER_1349,2019-03-18,288,33,1202.22,1,3,2,132,기타,2019-03
USER_1350,2019-04-18,257,10,1840.04,1,1,3,113,기타,2019-04
USER_1351,2019-05-08,237,14,751.11,1,2,2,122,기타,2019-05
USER_1352,2019-06-12,202,3,358.39,2,1,1,211,기타,2019-06
USER_1353,2019-04-26,249,112,7230.68,1,4,4,144,놓치면 안되는 고객,2019-04
USER_1354,2019-04-20,255,43,3186.93,1,3,3,133,기타,2019-04
USER_1355,2019-12-14,17,572,46205.77,4,4,4,444,VIP고객,2019-12
USER_1356,2019-12-15,16,13,166.87,4,2,1,421,기타,2019-12
USER_1357,2019-08-14,139,8,1401.98,2,1,2,212,기타,2019-08
USER_1358,2019-01-26,339,297,34551.4,1,4,4,144,놓치면 안되는 고객,2019-01
USER_1359,2019-01-17,348,17,1396.37,1,2,2,122,기타,2019-01
USER_1360,2019-06-20,194,5,542.98,2,1,1,211,기타,2019-06
USER_1361,2019-10-10,82,35,4540.94,3,3,4,334,충성고객,2019-10
USER_1362,2019-03-09,297,58,3217.76,1,4,3,143,기타,2019-03
USER_1363,2019-10-13,79,8,859.1800000000001,3,1,2,312,기타,2019-10
USER_1364,2019-09-27,95,11,1026.12,3,2,2,322,기타,2019-09
USER_1365,2019-12-11,20,48,3988.27,4,4,4,444,VIP고객,2019-12
USER_1366,2019-06-28,186,42,4813.5,2,3,4,234,충성고객,2019-06
USER_1367,2019-03-19,287,16,589.73,1,2,1,121,기타,2019-03
USER_1368,2019-03-27,279,1,19.99,1,1,1,111,이탈고객,2019-03
USER_1369,2019-01-12,353,9,1065.04,1,1,2,112,기타,2019-01
USER_1370,2019-04-24,251,26,1829.01,1,3,3,133,기타,2019-04
USER_1371,2019-12-05,26,93,8848.42,4,4,4,444,VIP고객,2019-12
USER_1372,2019-10-31,61,18,829.28,3,2,2,322,기타,2019-10
USER_1373,2019-10-05,87,12,1089.33,3,2,2,322,기타,2019-10
USER_1374,2019-10-02,90,94,7289.269999999999,3,4,4,344,충성고객,2019-10
USER_1375,2019-11-30,31,115,10151.41,4,4,4,444,VIP고객,2019-11
USER_1376,2019-03-26,280,73,5442.5,1,4,4,144,놓치면 안되는 고객,2019-03
USER_1377,2019-07-14,170,28,1565.69,2,3,2,232,기타,2019-07
USER_1378,2019-01-04,361,58,5279.32,1,4,4,144,놓치면 안되는 고객,2019-01
USER_1379,2019-12-13,18,40,1667.52,4,3,2,432,기타,2019-12
USER_1380,2019-06-30,184,31,1036.86,2,3,2,232,기타,2019-06
USER_1381,2019-05-07,238,29,2731.53,1,3,3,133,기타,2019-05
USER_1382,2019-11-21,40,105,11344.22,4,4,4,444,VIP고객,2019-11
USER_1383,2019-07-07,177,5,206.67,2,1,1,211,기타,2019-07
USER_1384,2019-01-17,348,1,19.59,1,1,1,111,이탈고객,2019-01
USER_1385,2019-12-21,10,2,273.18,4,1,1,411,기타,2019-12
USER_1386,2019-05-18,227,18,964.79,1,2,2,122,기타,2019-05
USER_1387,2019-07-26,158,2,54.370000000000005,2,1,1,211,기타,2019-07
USER_1388,2019-04-19,256,40,6606.860000000001,1,3,4,134,기타,2019-04
USER_1389,2019-07-08,176,10,852.55,2,1,2,212,기타,2019-07
USER_1390,2019-09-03,119,84,6661.22,3,4,4,344,충성고객,2019-09
USER_1391,2019-12-13,18,81,9796.22,4,4,4,444,VIP고객,2019-12
USER_1392,2019-01-23,342,35,4435.52,1,3,4,134,기타,2019-01
USER_1393,2019-11-19,42,92,4679.24,4,4,4,444,VIP고객,2019-11
USER_1394,2019-02-01,333,48,4619.96,1,4,4,144,놓치면 안되는 고객,2019-02
USER_1395,2019-01-06,359,85,7527.650000000001,1,4,4,144,놓치면 안되는 고객,2019-01
USER_1396,2019-05-19,226,7,112.04,1,1,1,111,이탈고객,2019-05
USER_1397,2019-12-12,19,89,12532.34,4,4,4,444,VIP고객,2019-12
USER_1398,2019-01-24,341,65,5099.72,1,4,4,144,놓치면 안되는 고객,2019-01
USER_1399,2019-04-17,258,12,492.54,1,2,1,121,기타,2019-04
USER_1400,2019-06-11,203,15,659.69,2,2,2,222,기타,2019-06
USER_1401,2019-09-11,111,13,1888.99,3,2,3,323,기타,2019-09
USER_1402,2019-07-12,172,12,1022.53,2,2,2,222,기타,2019-07
USER_1403,2019-04-07,268,38,3843.43,1,3,3,133,기타,2019-04
USER_1404,2019-05-10,235,40,2997.23,1,3,3,133,기타,2019-05
USER_1405,2019-10-22,70,12,440.32,3,2,1,321,기타,2019-10
USER_1406,2019-01-16,349,28,1614.89,1,3,2,132,기타,2019-01
USER_1407,2019-11-21,40,40,2903.0,4,3,3,433,기타,2019-11
USER_1408,2019-12-13,18,1,19.56,4,1,1,411,기타,2019-12
USER_1409,2019-08-11,142,5,35.95,2,1,1,211,기타,2019-08
USER_1410,2019-10-04,88,8,461.41,3,1,1,311,기타,2019-10
USER_1411,2019-12-13,18,163,14193.67,4,4,4,444,VIP고객,2019-12
USER_1412,2019-03-31,275,66,4806.4,1,4,4,144,놓치면 안되는 고객,2019-03
USER_1413,2019-05-25,220,6,818.98,2,1,2,212,기타,2019-05
USER_1414,2019-06-09,205,5,712.62,2,1,2,212,기타,2019-06
USER_1415,2019-12-05,26,96,8623.28,4,4,4,444,VIP고객,2019-12
USER_1416,2019-10-01,91,11,1207.47,3,2,2,322,기타,2019-10
USER_1417,2019-07-26,158,5,80.61000000000001,2,1,1,211,기타,2019-07
USER_1418,2019-06-20,194,22,1680.45,2,3,2,232,기타,2019-06
USER_1419,2019-09-06,116,77,5024.15,3,4,4,344,충성고객,2019-09
USER_1420,2019-04-12,263,14,520.81,1,2,1,121,기타,2019-04
USER_1421,2019-01-02,363,13,1830.27,1,2,3,123,기타,2019-01
USER_1422,2019-11-16,45,36,2867.8,4,3,3,433,기타,2019-11
USER_1423,2019-10-19,73,63,5204.4800000000005,3,4,4,344,충성고객,2019-10
USER_1424,2019-08-29,124,29,2201.19,3,3,3,333,기타,2019-08
USER_1425,2019-08-29,124,21,1537.65,3,2,2,322,기타,2019-08
USER_1426,2019-11-29,32,21,1208.56,4,2,2,422,기타,2019-11
USER_1427,2019-07-16,168,16,1426.12,2,2,2,222,기타,2019-07
USER_1428,2019-04-17,258,18,2169.78,1,2,3,123,기타,2019-04
USER_1429,2019-08-31,122,39,2987.52,3,3,3,333,기타,2019-08
USER_1430,2019-09-17,105,72,3366.29,3,4,3,343,기타,2019-09
USER_1431,2019-03-08,298,1,93.47,1,1,1,111,이탈고객,2019-03
USER_1432,2019-07-16,168,155,10616.44,2,4,4,244,충성고객,2019-07
USER_1433,2019-09-16,106,250,18954.3,3,4,4,344,충성고객,2019-09
USER_1434,2019-03-21,285,30,1692.28,1,3,2,132,기타,2019-03
USER_1435,2019-11-13,48,83,10860.11,4,4,4,444,VIP고객,2019-11
USER_1436,2019-10-14,78,18,1616.34,3,2,2,322,기타,2019-10
USER_1437,2019-05-23,222,1,30.38,1,1,1,111,이탈고객,2019-05
USER_1438,2019-10-21,71,10,558.48,3,1,1,311,기타,2019-10
USER_1439,2019-11-28,33,42,4051.31,4,3,4,434,충성고객,2019-11
USER_1440,2019-02-17,317,55,3186.59,1,4,3,143,기타,2019-02
USER_1441,2019-10-13,79,15,752.73,3,2,2,322,기타,2019-10
USER_1442,2019-06-05,209,44,3775.6,2,3,3,233,기타,2019-06
USER_1443,2019-08-13,140,15,1318.01,2,2,2,222,기타,2019-08
USER_1444,2019-07-12,172,33,2609.43,2,3,3,233,기타,2019-07
USER_1445,2019-12-19,12,35,2904.37,4,3,3,433,기타,2019-12
USER_1446,2019-09-12,110,35,1817.14,3,3,3,333,기타,2019-09
USER_1447,2019-09-18,104,10,413.74,3,1,1,311,기타,2019-09
USER_1448,2019-04-06,269,1,8.399999999999999,1,1,1,111,이탈고객,2019-04
USER_1449,2019-12-11,20,27,2124.03,4,3,3,433,기타,2019-12
USER_1450,2019-12-08,23,23,4726.2,4,3,4,434,충성고객,2019-12
USER_1451,2019-09-14,108,43,2803.25,3,3,3,333,기타,2019-09
USER_1452,2019-05-26,219,24,1050.59,2,3,2,232,기타,2019-05
USER_1453,2019-10-05,87,60,4403.6,3,4,4,344,충성고객,2019-10
USER_1454,2019-04-19,256,3,90.75,1,1,1,111,이탈고객,2019-04
USER_1455,2019-08-23,130,22,969.42,3,3,2,332,기타,2019-08
USER_1456,2019-08-30,123,17,2482.02,3,2,3,323,기타,2019-08
USER_1457,2019-06-12,202,2,134.99,2,1,1,211,기타,2019-06
USER_1458,2019-09-14,108,1,99.5,3,1,1,311,기타,2019-09
USER_1459,2019-11-27,34,52,5893.31,4,4,4,444,VIP고객,2019-11
USER_1460,2019-11-28,33,55,7692.95,4,4,4,444,VIP고객,2019-11
USER_1461,2019-12-13,18,21,2396.54,4,2,3,423,기타,2019-12
USER_1462,2019-07-05,179,4,49.56,2,1,1,211,기타,2019-07
USER_1463,2019-04-05,270,7,544.34,1,1,1,111,이탈고객,2019-04
USER_1464,2019-10-05,87,40,2363.05,3,3,3,333,기타,2019-10
USER_1465,2019-06-20,194,8,101.56,2,1,1,211,기타,2019-06
USER_1466,2019-10-23,69,1,298.0,3,1,1,311,기타,2019-10
USER_1467,2019-10-10,82,102,6362.77,3,4,4,344,충성고객,2019-10
